-- phpMyAdmin SQL Dump
-- version 5.2.1
-- https://www.phpmyadmin.net/
--
-- Host: 127.0.0.1
-- Generation Time: Jun 11, 2024 at 10:32 AM
-- Server version: 10.4.28-MariaDB
-- PHP Version: 8.2.4

SET SQL_MODE = "NO_AUTO_VALUE_ON_ZERO";
START TRANSACTION;
SET time_zone = "+00:00";


/*!40101 SET @OLD_CHARACTER_SET_CLIENT=@@CHARACTER_SET_CLIENT */;
/*!40101 SET @OLD_CHARACTER_SET_RESULTS=@@CHARACTER_SET_RESULTS */;
/*!40101 SET @OLD_COLLATION_CONNECTION=@@COLLATION_CONNECTION */;
/*!40101 SET NAMES utf8mb4 */;

--
-- Database: `eapi`
--

-- --------------------------------------------------------

--
-- Table structure for table `failed_jobs`
--

CREATE TABLE `failed_jobs` (
  `id` bigint(20) UNSIGNED NOT NULL,
  `uuid` varchar(255) NOT NULL,
  `connection` text NOT NULL,
  `queue` text NOT NULL,
  `payload` longtext NOT NULL,
  `exception` longtext NOT NULL,
  `failed_at` timestamp NOT NULL DEFAULT current_timestamp()
) ENGINE=InnoDB DEFAULT CHARSET=utf8mb4 COLLATE=utf8mb4_unicode_ci;

-- --------------------------------------------------------

--
-- Table structure for table `migrations`
--

CREATE TABLE `migrations` (
  `id` int(10) UNSIGNED NOT NULL,
  `migration` varchar(255) NOT NULL,
  `batch` int(11) NOT NULL
) ENGINE=InnoDB DEFAULT CHARSET=utf8mb4 COLLATE=utf8mb4_unicode_ci;

--
-- Dumping data for table `migrations`
--

INSERT INTO `migrations` (`id`, `migration`, `batch`) VALUES
(1, '2014_10_12_000000_create_users_table', 1),
(2, '2014_10_12_100000_create_password_reset_tokens_table', 1),
(3, '2019_08_19_000000_create_failed_jobs_table', 1),
(4, '2019_12_14_000001_create_personal_access_tokens_table', 1),
(5, '2024_06_11_072940_create_products_table', 1),
(6, '2024_06_11_072950_create_reviews_table', 1);

-- --------------------------------------------------------

--
-- Table structure for table `password_reset_tokens`
--

CREATE TABLE `password_reset_tokens` (
  `email` varchar(255) NOT NULL,
  `token` varchar(255) NOT NULL,
  `created_at` timestamp NULL DEFAULT NULL
) ENGINE=InnoDB DEFAULT CHARSET=utf8mb4 COLLATE=utf8mb4_unicode_ci;

-- --------------------------------------------------------

--
-- Table structure for table `personal_access_tokens`
--

CREATE TABLE `personal_access_tokens` (
  `id` bigint(20) UNSIGNED NOT NULL,
  `tokenable_type` varchar(255) NOT NULL,
  `tokenable_id` bigint(20) UNSIGNED NOT NULL,
  `name` varchar(255) NOT NULL,
  `token` varchar(64) NOT NULL,
  `abilities` text DEFAULT NULL,
  `last_used_at` timestamp NULL DEFAULT NULL,
  `expires_at` timestamp NULL DEFAULT NULL,
  `created_at` timestamp NULL DEFAULT NULL,
  `updated_at` timestamp NULL DEFAULT NULL
) ENGINE=InnoDB DEFAULT CHARSET=utf8mb4 COLLATE=utf8mb4_unicode_ci;

-- --------------------------------------------------------

--
-- Table structure for table `products`
--

CREATE TABLE `products` (
  `id` bigint(20) UNSIGNED NOT NULL,
  `name` varchar(255) NOT NULL,
  `detail` text NOT NULL,
  `price` int(11) NOT NULL,
  `stock` int(11) NOT NULL,
  `discounts` int(11) NOT NULL,
  `created_at` timestamp NULL DEFAULT NULL,
  `updated_at` timestamp NULL DEFAULT NULL
) ENGINE=InnoDB DEFAULT CHARSET=utf8mb4 COLLATE=utf8mb4_unicode_ci;

--
-- Dumping data for table `products`
--

INSERT INTO `products` (`id`, `name`, `detail`, `price`, `stock`, `discounts`, `created_at`, `updated_at`) VALUES
(1, 'quas', 'Sed odit temporibus nostrum iste ut similique et aspernatur. Temporibus quo esse sunt saepe est. Quod vel delectus id est illum. Quod ut perferendis laudantium omnis natus libero.', 873, 2, 29, '2024-06-11 02:58:34', '2024-06-11 02:58:34'),
(2, 'aut', 'Libero architecto repellendus libero architecto modi asperiores quo. Beatae magnam non fugiat velit nam nihil. Autem consequatur hic doloremque hic est non maiores et. Officiis autem ad velit esse laboriosam quia.', 202, 0, 8, '2024-06-11 02:58:34', '2024-06-11 02:58:34'),
(3, 'velit', 'Cupiditate neque ullam velit iusto eveniet. Eius earum et enim reprehenderit earum officia. Occaecati et et esse sequi ut consequatur. Eos sint occaecati occaecati ipsa voluptas fuga aut.', 273, 9, 4, '2024-06-11 02:58:34', '2024-06-11 02:58:34'),
(4, 'amet', 'Non et est enim sint dolorem doloribus illum. Excepturi voluptates et laudantium a provident rerum. Autem ab quibusdam voluptatibus saepe occaecati. Et quia aspernatur omnis sed vel qui. Blanditiis odit aspernatur iure.', 947, 4, 22, '2024-06-11 02:58:34', '2024-06-11 02:58:34'),
(5, 'soluta', 'In doloribus modi magnam quia dolore molestiae hic. Nulla doloremque repellat et adipisci. Consequatur magnam dolorem excepturi vero delectus.', 860, 3, 5, '2024-06-11 02:58:34', '2024-06-11 02:58:34'),
(6, 'doloremque', 'Rerum vel quibusdam quaerat alias provident. Impedit molestiae autem corrupti delectus quia cumque. Qui ducimus nihil quae aut tempora asperiores architecto. Sit et iste ipsa non et laboriosam.', 670, 0, 7, '2024-06-11 02:58:34', '2024-06-11 02:58:34'),
(7, 'necessitatibus', 'Non labore atque dolorem rerum aut dolores nihil. Modi nostrum minus impedit quia quod hic. Ex ut error nemo enim eveniet magni quia.', 735, 2, 18, '2024-06-11 02:58:34', '2024-06-11 02:58:34'),
(8, 'velit', 'Qui ab cumque perferendis laborum. Natus amet quibusdam qui tempora quo magnam alias. Nisi non odio molestiae atque sint modi voluptas. Assumenda ea et animi incidunt. Tenetur rem est doloribus earum aliquid alias.', 703, 8, 9, '2024-06-11 02:58:34', '2024-06-11 02:58:34'),
(9, 'ut', 'Sapiente excepturi quia placeat porro sint. Autem voluptates natus in reiciendis doloribus et animi. Voluptate numquam est quibusdam ullam voluptatum voluptates excepturi. Autem laboriosam ut rerum voluptatem animi harum voluptatibus.', 859, 3, 30, '2024-06-11 02:58:34', '2024-06-11 02:58:34'),
(10, 'voluptatem', 'Natus et corporis cum sed minus. Accusantium reiciendis et sed numquam. Blanditiis aliquid quia quae cumque animi neque omnis.', 466, 5, 10, '2024-06-11 02:58:34', '2024-06-11 02:58:34'),
(11, 'omnis', 'Cum numquam omnis iure nihil in repellat molestiae. Voluptates eos ut ex nostrum minus inventore. Voluptatem minima et eum.', 620, 1, 22, '2024-06-11 02:58:34', '2024-06-11 02:58:34'),
(12, 'error', 'Perferendis atque soluta voluptas et provident voluptate. Placeat mollitia quo velit tenetur rerum praesentium. Et sit veniam laborum veritatis facilis.', 329, 9, 12, '2024-06-11 02:58:34', '2024-06-11 02:58:34'),
(13, 'quaerat', 'Eos ad dolor dolore quidem saepe nostrum dolor. Ut ipsam optio velit culpa quisquam est.', 662, 9, 25, '2024-06-11 02:58:34', '2024-06-11 02:58:34'),
(14, 'qui', 'Non natus ea autem. Assumenda corporis magnam facere et. Reprehenderit voluptas aperiam rerum explicabo rerum beatae omnis. Eaque est molestiae ut.', 535, 2, 9, '2024-06-11 02:58:34', '2024-06-11 02:58:34'),
(15, 'rerum', 'Eum mollitia est voluptatibus doloribus. Minima tempora maiores est non. Libero aut nihil est et voluptatem.', 328, 7, 18, '2024-06-11 02:58:34', '2024-06-11 02:58:34'),
(16, 'est', 'Et animi harum consequatur ut qui ipsum cumque. Qui deserunt asperiores voluptas qui delectus aliquam. Provident eos fugiat autem. Occaecati rem in sed.', 865, 4, 23, '2024-06-11 02:58:34', '2024-06-11 02:58:34'),
(17, 'quia', 'Et eaque nisi quod ea illum voluptas tenetur. Sit quo esse aut hic aut veniam corporis. Aut enim fuga dolorem. Alias perferendis eaque velit enim consequatur reprehenderit corrupti doloribus.', 201, 9, 9, '2024-06-11 02:58:34', '2024-06-11 02:58:34'),
(18, 'numquam', 'Error ea praesentium modi enim aut similique veniam. Eius dicta non voluptatem dicta est quo. Rerum officiis eum est non. Sint est qui ipsam quis. Voluptatem incidunt aspernatur ea est.', 864, 7, 5, '2024-06-11 02:58:34', '2024-06-11 02:58:34'),
(19, 'blanditiis', 'Soluta quia amet at atque dolore dignissimos sit. Repudiandae voluptatem cumque autem. Provident consequatur nisi enim aperiam nam tempore. Doloribus possimus accusantium eaque facilis.', 531, 0, 9, '2024-06-11 02:58:34', '2024-06-11 02:58:34'),
(20, 'laborum', 'Est nulla nobis ratione officiis commodi. Cupiditate dolor laudantium et nisi. Itaque rem eos facilis est quia. Officia cum odit veniam voluptatem laborum velit aut asperiores. Quo est dolor aperiam sed dolorum.', 419, 8, 10, '2024-06-11 02:58:34', '2024-06-11 02:58:34'),
(21, 'rem', 'Soluta soluta praesentium ut dolorum itaque dolorum. Rerum perferendis magnam est sed et quisquam enim.', 937, 1, 6, '2024-06-11 02:58:34', '2024-06-11 02:58:34'),
(22, 'soluta', 'Voluptatum voluptatem voluptatibus cum corrupti ut. Veniam maiores ut nobis voluptatem officia cum at. Unde sint quo quaerat officiis. Accusantium ut ut ipsam.', 544, 5, 20, '2024-06-11 02:58:34', '2024-06-11 02:58:34'),
(23, 'ea', 'Eum distinctio adipisci voluptates tempora omnis quod vero. Non illum sed cum nam.', 345, 9, 2, '2024-06-11 02:58:34', '2024-06-11 02:58:34'),
(24, 'et', 'Commodi ipsam eligendi iure accusantium ut. Maiores repellat incidunt voluptas inventore et esse. Ratione qui et dolor labore nesciunt atque.', 496, 4, 17, '2024-06-11 02:58:34', '2024-06-11 02:58:34'),
(25, 'excepturi', 'Voluptatem sunt facere delectus. Delectus sit voluptas sit dignissimos. Neque fugiat quia sapiente voluptas nostrum deleniti sapiente. Autem ullam saepe corporis quis distinctio veritatis totam.', 361, 9, 20, '2024-06-11 02:58:34', '2024-06-11 02:58:34'),
(26, 'beatae', 'Ad ut pariatur et sapiente ratione vero. Voluptas sit animi debitis. Quae dignissimos qui ut consequatur aperiam. Eius velit exercitationem esse quo ex nisi.', 192, 4, 11, '2024-06-11 02:58:34', '2024-06-11 02:58:34'),
(27, 'est', 'Reprehenderit facere tempora doloribus voluptatum. Et quia enim ipsam autem. Explicabo dolor quaerat cumque repudiandae. Laboriosam doloremque impedit quis voluptatem illum. Deleniti ab alias unde iusto ipsum ut corporis.', 528, 2, 16, '2024-06-11 02:58:34', '2024-06-11 02:58:34'),
(28, 'incidunt', 'Nisi et qui voluptatum quia qui. Harum velit quis molestias similique neque necessitatibus officiis. Qui necessitatibus qui eaque.', 620, 7, 5, '2024-06-11 02:58:34', '2024-06-11 02:58:34'),
(29, 'tempora', 'Et repellendus dignissimos a adipisci voluptatibus. Omnis ullam omnis et iusto animi distinctio illo. Odio provident laudantium ut sequi eveniet. Est ut et eos et ut et laboriosam. Neque provident rerum excepturi assumenda et eos odit.', 127, 1, 20, '2024-06-11 02:58:34', '2024-06-11 02:58:34'),
(30, 'ab', 'Beatae debitis corporis beatae laborum. Ducimus nobis qui autem omnis. Quidem vel voluptas soluta eaque dolores rerum non provident. Vero odit voluptatem labore repellat laudantium voluptate.', 135, 1, 17, '2024-06-11 02:58:34', '2024-06-11 02:58:34'),
(31, 'illo', 'Rerum beatae non assumenda sunt omnis. Aliquam et nemo in. Illum eos aut non molestias sed.', 214, 2, 12, '2024-06-11 02:58:34', '2024-06-11 02:58:34'),
(32, 'voluptatum', 'Accusantium inventore aspernatur et laboriosam voluptatem qui. Sed quia repellendus eius sapiente aperiam dolores. Saepe dolor saepe velit impedit ad.', 891, 1, 26, '2024-06-11 02:58:34', '2024-06-11 02:58:34'),
(33, 'corrupti', 'Dolorem cupiditate voluptas aut corrupti eaque enim veniam. Sunt fugit molestias hic aut. Dolorem possimus deserunt et recusandae maxime. Quod neque omnis sunt.', 112, 3, 13, '2024-06-11 02:58:34', '2024-06-11 02:58:34'),
(34, 'quam', 'Hic ipsa inventore quidem officiis et quas. Quidem ut ex consequatur aut adipisci. Consequatur vero perspiciatis enim alias. Ut dolorem explicabo ut fuga nostrum impedit itaque.', 412, 7, 26, '2024-06-11 02:58:34', '2024-06-11 02:58:34'),
(35, 'et', 'Eum quo aliquam repellat qui et quasi. Nulla nisi sit nemo. Minus perspiciatis autem necessitatibus at cumque sed sint. Molestiae aspernatur eum quos aut. Possimus fugit facilis qui ad dicta.', 451, 8, 14, '2024-06-11 02:58:34', '2024-06-11 02:58:34'),
(36, 'eum', 'Esse ut consequatur eius tenetur necessitatibus tempore. Ducimus quo dolor aut molestias et et est. Suscipit ut et eveniet iste voluptatem recusandae molestiae mollitia.', 426, 6, 2, '2024-06-11 02:58:34', '2024-06-11 02:58:34'),
(37, 'optio', 'Quasi facilis perspiciatis debitis ad iusto saepe necessitatibus. Nam et qui est excepturi repellat illum mollitia. Quibusdam quis est aut et voluptas. Explicabo voluptatibus rerum quibusdam tenetur.', 857, 4, 21, '2024-06-11 02:58:34', '2024-06-11 02:58:34'),
(38, 'eos', 'Fuga nihil et pariatur est consectetur vel sed. Rerum temporibus quis est fugit. Quia quos eum nulla mollitia ratione dolores.', 965, 5, 20, '2024-06-11 02:58:34', '2024-06-11 02:58:34'),
(39, 'sint', 'Quidem dignissimos in fugit molestiae est repellendus et. Repellendus delectus voluptas alias in. Nihil illum sit saepe veniam. Quo qui totam similique sit voluptates perferendis aspernatur.', 782, 2, 3, '2024-06-11 02:58:34', '2024-06-11 02:58:34'),
(40, 'nemo', 'Debitis neque earum officiis eveniet eveniet ipsam. Occaecati qui ducimus aut et dolor fugit aut. Veniam itaque est et eius iusto sint sit doloremque.', 143, 1, 17, '2024-06-11 02:58:34', '2024-06-11 02:58:34'),
(41, 'debitis', 'Autem voluptatibus non eos. Natus ut ut necessitatibus doloremque repellat qui iste. Explicabo in ea iure cum ipsa esse distinctio.', 928, 6, 17, '2024-06-11 02:58:34', '2024-06-11 02:58:34'),
(42, 'officia', 'Beatae qui fuga odio id labore ad. Fugit sed est ab rerum quis recusandae. Ut expedita consequatur quia atque quis. Debitis necessitatibus rerum in labore et fugiat omnis. Omnis non dolor sint repellat quasi aut.', 897, 4, 28, '2024-06-11 02:58:34', '2024-06-11 02:58:34'),
(43, 'ea', 'Et nostrum suscipit saepe saepe. Officia ab in cumque velit voluptas a nulla quo. Deserunt provident quas necessitatibus soluta nostrum assumenda. Et quos pariatur laboriosam et.', 275, 8, 6, '2024-06-11 02:58:34', '2024-06-11 02:58:34'),
(44, 'quisquam', 'Magnam molestiae tempora officia dolor. Quae facere voluptatem qui temporibus aut in. Omnis tempora suscipit et. Consectetur iste qui quaerat laudantium.', 779, 0, 22, '2024-06-11 02:58:34', '2024-06-11 02:58:34'),
(45, 'asperiores', 'Ducimus veniam non et ab sed eos. Velit adipisci sit ut quia officiis eos. Ex sint aliquid explicabo sunt ut sint. Ad perferendis voluptates quam vel et quos aspernatur.', 530, 4, 30, '2024-06-11 02:58:34', '2024-06-11 02:58:34'),
(46, 'culpa', 'Ratione consequuntur sit ut qui. Alias consequatur quia modi. Voluptatem non dolores commodi qui. Ad rem aut rerum est id. Consequuntur temporibus sit quisquam distinctio quis sunt.', 546, 4, 30, '2024-06-11 02:58:34', '2024-06-11 02:58:34'),
(47, 'sunt', 'Vel sunt animi nisi repellat incidunt odit vel odit. Dolor quia porro ut libero omnis quasi. Qui consequatur consequuntur quidem perferendis sunt eligendi voluptates. Ipsa eaque placeat cupiditate est voluptatibus neque laudantium. Eius dicta quae voluptas quo amet id.', 457, 0, 14, '2024-06-11 02:58:34', '2024-06-11 02:58:34'),
(48, 'dolores', 'Nobis ullam consequatur earum nobis nemo voluptatem. Explicabo occaecati enim laudantium aut. Velit et ipsa sequi voluptas asperiores non. Aspernatur commodi nam quia nulla nihil illum.', 454, 3, 27, '2024-06-11 02:58:34', '2024-06-11 02:58:34'),
(49, 'quia', 'Odio incidunt libero sed cum. Vero amet aliquam animi. Tempora aperiam doloribus quibusdam qui quibusdam quod cumque. Est ducimus molestias ut ad quis odit quos.', 590, 5, 25, '2024-06-11 02:58:34', '2024-06-11 02:58:34'),
(50, 'voluptates', 'Blanditiis magnam qui quos nulla ipsam aliquam sit ut. Repellendus qui libero excepturi ipsum et. Et corrupti quia facilis molestiae aperiam possimus officia. Eaque exercitationem ipsa enim deserunt aspernatur quibusdam.', 583, 1, 30, '2024-06-11 02:58:34', '2024-06-11 02:58:34');

-- --------------------------------------------------------

--
-- Table structure for table `reviews`
--

CREATE TABLE `reviews` (
  `id` bigint(20) UNSIGNED NOT NULL,
  `product_id` bigint(20) UNSIGNED NOT NULL,
  `customer` varchar(255) NOT NULL,
  `review` text NOT NULL,
  `star` int(11) NOT NULL,
  `created_at` timestamp NULL DEFAULT NULL,
  `updated_at` timestamp NULL DEFAULT NULL
) ENGINE=InnoDB DEFAULT CHARSET=utf8mb4 COLLATE=utf8mb4_unicode_ci;

--
-- Dumping data for table `reviews`
--

INSERT INTO `reviews` (`id`, `product_id`, `customer`, `review`, `star`, `created_at`, `updated_at`) VALUES
(1, 48, 'Providenci Kohler DVM', 'Aut ea aliquid aliquam non. Recusandae aut laboriosam natus quia. Quasi impedit expedita quibusdam quis. Beatae qui quo quia officiis.', 2, '2024-06-11 02:58:34', '2024-06-11 02:58:34'),
(2, 8, 'Pedro Nicolas', 'Itaque repudiandae non excepturi. Possimus facilis sit possimus reprehenderit rerum voluptatem veniam. Consequatur nisi temporibus recusandae.', 5, '2024-06-11 02:58:34', '2024-06-11 02:58:34'),
(3, 13, 'Christy O\'Connell', 'Odio nihil deleniti et quis pariatur. Eum ut similique corporis aut voluptatem. Quo laudantium quam nostrum voluptatibus quis qui. Suscipit distinctio quisquam culpa qui eum nesciunt.', 4, '2024-06-11 02:58:34', '2024-06-11 02:58:34'),
(4, 20, 'Octavia O\'Connell', 'Sit ex placeat labore qui laboriosam consectetur. Laborum fugiat dicta qui ipsum perferendis. Id quam et optio amet nihil. Non pariatur voluptatibus nemo enim.', 4, '2024-06-11 02:58:34', '2024-06-11 02:58:34'),
(5, 49, 'Arden Hudson', 'Sequi dolores voluptatem quam facilis consectetur. Assumenda dolorem non corrupti molestiae ut. Beatae aut dicta reiciendis maxime optio nam temporibus. Labore voluptatem natus dolorem.', 2, '2024-06-11 02:58:34', '2024-06-11 02:58:34'),
(6, 35, 'Teresa Schuster', 'Unde accusamus hic et eligendi est provident nihil. Debitis possimus qui nobis autem asperiores perferendis. Laudantium sit laboriosam nisi.', 4, '2024-06-11 02:58:34', '2024-06-11 02:58:34'),
(7, 3, 'Daron Nitzsche', 'Quis est et ut non. Ut possimus ad sed ex doloremque. Itaque et eius qui illo. Aliquid rerum placeat autem repellendus non harum.', 0, '2024-06-11 02:58:34', '2024-06-11 02:58:34'),
(8, 9, 'Maritza Willms', 'Voluptate excepturi voluptatem dolor nihil est repellat. Unde nobis quod consequatur odit. Non ut incidunt ut doloremque rerum beatae.', 1, '2024-06-11 02:58:34', '2024-06-11 02:58:34'),
(9, 43, 'Dr. Cielo Witting', 'Facilis quia voluptatem aut voluptates architecto. Ullam aut ullam autem enim. Ut ratione et qui.', 1, '2024-06-11 02:58:34', '2024-06-11 02:58:34'),
(10, 12, 'Jewel Schultz IV', 'Temporibus et sed officia vero rerum. Maiores harum quo perferendis aspernatur at consequuntur quasi ab. Sint occaecati reprehenderit sunt quaerat. Dolor voluptas rerum fugiat aut nulla non eius magni.', 5, '2024-06-11 02:58:34', '2024-06-11 02:58:34'),
(11, 34, 'Mr. Jaeden Russel I', 'Rerum laudantium et et nihil similique et cum. Sequi sed neque ducimus. Ut qui est qui autem quos earum.', 0, '2024-06-11 02:58:34', '2024-06-11 02:58:34'),
(12, 13, 'Prof. Terrance Thompson DDS', 'Quod tempore quod ducimus dicta facere dicta odit. Quaerat soluta nisi saepe et quia delectus eos. Ut harum omnis reprehenderit odio. Labore sit unde tenetur rerum in suscipit.', 1, '2024-06-11 02:58:34', '2024-06-11 02:58:34'),
(13, 32, 'Rasheed Robel', 'Assumenda officia molestias voluptas quas dolores. Molestiae deserunt voluptas sed cum atque voluptates aut. Quidem et consequatur qui distinctio. Consequatur quia perspiciatis quo qui illum ut.', 3, '2024-06-11 02:58:34', '2024-06-11 02:58:34'),
(14, 15, 'Mr. Remington Nicolas IV', 'Nihil et cumque repudiandae qui. Blanditiis et consequatur qui dolor et alias nemo nulla. Voluptatem consectetur magni iure quia sapiente.', 0, '2024-06-11 02:58:34', '2024-06-11 02:58:34'),
(15, 50, 'Elmer D\'Amore', 'Dolorum voluptates id minus odit. Ea eos odio non quisquam exercitationem. Explicabo illum maiores porro sed esse ex recusandae.', 1, '2024-06-11 02:58:34', '2024-06-11 02:58:34'),
(16, 1, 'Leslie Maggio', 'Eum qui sunt exercitationem hic. Assumenda doloribus quia adipisci ut et et. Explicabo commodi quaerat eum accusamus animi perspiciatis sint.', 4, '2024-06-11 02:58:34', '2024-06-11 02:58:34'),
(17, 35, 'Virginia Lesch', 'Dolore distinctio voluptas quia fugit reiciendis est. Vel beatae et ex dolorum. Ut qui inventore quia sit. Architecto id voluptates omnis ullam vel.', 2, '2024-06-11 02:58:34', '2024-06-11 02:58:34'),
(18, 46, 'Keenan Jast', 'Culpa delectus dignissimos sunt beatae at at. Ducimus cumque perferendis nemo eum. Et exercitationem et debitis cum.', 3, '2024-06-11 02:58:34', '2024-06-11 02:58:34'),
(19, 3, 'Shaun Ferry', 'Nostrum est ut delectus. Dolores enim consequatur nihil. Doloribus consequatur aliquid ut excepturi.', 3, '2024-06-11 02:58:34', '2024-06-11 02:58:34'),
(20, 2, 'Dr. Bobbie DuBuque', 'Consequatur in non a porro. Quidem et quasi aut. Deleniti voluptates rerum minus est. Ullam saepe rerum in impedit quia.', 4, '2024-06-11 02:58:34', '2024-06-11 02:58:34'),
(21, 14, 'Salma Schuppe', 'Qui doloribus quia dolor aut excepturi quia accusantium. Possimus quo rem rerum quam consequatur. Vero ea maiores pariatur nulla quae minus. Ab ex distinctio est nulla. Non ea atque error sapiente et expedita.', 0, '2024-06-11 02:58:34', '2024-06-11 02:58:34'),
(22, 1, 'Mr. Garland Reynolds', 'Debitis impedit quam sequi et deserunt iusto. Dolorem perspiciatis sit aspernatur placeat. Consequuntur enim et accusamus accusamus.', 3, '2024-06-11 02:58:34', '2024-06-11 02:58:34'),
(23, 8, 'Trinity Hansen', 'Nam temporibus voluptatem minus nam corrupti autem dolor. Praesentium nobis aut architecto ex omnis a quia.', 5, '2024-06-11 02:58:34', '2024-06-11 02:58:34'),
(24, 43, 'William Walker', 'Libero est vitae accusantium magnam optio deleniti deleniti laborum. Tempore earum magni numquam velit ipsam similique. Voluptas excepturi velit consectetur fugit hic.', 2, '2024-06-11 02:58:34', '2024-06-11 02:58:34'),
(25, 32, 'Miss Leonie Altenwerth', 'Quia sit vel doloremque. Nesciunt quidem perferendis sint fugiat aut qui cumque. Voluptas officiis quod explicabo et. Id exercitationem porro impedit quia soluta alias non.', 2, '2024-06-11 02:58:34', '2024-06-11 02:58:34'),
(26, 36, 'Dr. Damien Littel', 'Vel sit est minima labore. Commodi eos consequuntur dolor qui in. Sint natus porro quis ullam et consequuntur delectus.', 3, '2024-06-11 02:58:34', '2024-06-11 02:58:34'),
(27, 50, 'Mr. Maurice Anderson', 'Atque ducimus totam sit expedita. Deserunt non impedit sit. Accusantium modi itaque quo cumque fugiat. Eos repellat nihil sit rerum nobis asperiores consequatur.', 5, '2024-06-11 02:58:34', '2024-06-11 02:58:34'),
(28, 39, 'Mrs. Aylin Greenholt', 'Sunt minus libero velit voluptas est voluptatem. Natus delectus modi voluptatibus earum quaerat placeat odit ex. Qui dolorum vero consequatur voluptas. Consectetur expedita praesentium quo.', 1, '2024-06-11 02:58:34', '2024-06-11 02:58:34'),
(29, 31, 'Kiera Runte', 'A quam labore rerum dolore. Enim qui accusamus officia cum. Et aliquam sit veniam non aperiam et. Rerum et neque id ut neque.', 4, '2024-06-11 02:58:34', '2024-06-11 02:58:34'),
(30, 35, 'Mr. Cullen Rice', 'Quod ut et voluptas sed non consequatur officiis cum. Itaque in repellendus laborum officiis ut quia impedit. Quos tempora quis accusamus molestias. Qui vero fuga magni ipsam rerum.', 4, '2024-06-11 02:58:34', '2024-06-11 02:58:34'),
(31, 30, 'Ms. Janis Farrell', 'Id accusamus voluptatem vel et quod quisquam adipisci. Quo dolor architecto amet asperiores. Neque vitae magni ratione blanditiis vel dolores.', 0, '2024-06-11 02:58:34', '2024-06-11 02:58:34'),
(32, 44, 'Prof. Aleen Kuvalis V', 'Eligendi et quibusdam quaerat laborum adipisci. Et officia commodi quasi enim quo enim. Rerum eos iure quia adipisci nobis eligendi et.', 4, '2024-06-11 02:58:34', '2024-06-11 02:58:34'),
(33, 41, 'Makenzie Kerluke MD', 'Iure ut amet fugiat quo est rerum. In autem sunt sit autem sint enim. Qui illum doloremque qui enim excepturi aliquam sint. Ut dignissimos et quas quod nostrum aut vero rerum.', 3, '2024-06-11 02:58:34', '2024-06-11 02:58:34'),
(34, 37, 'Vivienne Williamson', 'Ipsa nam aspernatur illo quisquam. Unde labore quia occaecati voluptates. Molestiae dolor ut ut ipsam amet doloribus perferendis. Totam vel qui at iste sint.', 5, '2024-06-11 02:58:34', '2024-06-11 02:58:34'),
(35, 15, 'Alfonzo Cremin DDS', 'Recusandae possimus nobis iste est facere. Culpa totam dolor incidunt nam. Maxime quisquam alias dolor omnis reiciendis.', 0, '2024-06-11 02:58:34', '2024-06-11 02:58:34'),
(36, 28, 'Elfrieda Ankunding', 'Ut maxime natus id et alias qui et. Doloribus a ratione quod distinctio. Autem a autem mollitia sit voluptatem porro. Sed aspernatur in et est quo veritatis nemo.', 1, '2024-06-11 02:58:34', '2024-06-11 02:58:34'),
(37, 49, 'Dr. Heber Terry II', 'Sunt est qui placeat nostrum voluptates numquam. Maxime repellat dolorem odio enim qui. Rerum quisquam tempora necessitatibus alias harum ut. Voluptatem unde tenetur voluptate tempore delectus ipsam.', 0, '2024-06-11 02:58:35', '2024-06-11 02:58:35'),
(38, 16, 'Dr. Berry Breitenberg', 'Consequatur aut iusto iusto sint. Sed consequuntur sunt dignissimos magnam sapiente molestias. Eos tenetur pariatur qui laboriosam fuga.', 5, '2024-06-11 02:58:35', '2024-06-11 02:58:35'),
(39, 50, 'Ellen Jacobi PhD', 'Autem beatae et et nam ut libero distinctio. Aliquid nam voluptatem consequatur accusantium non inventore voluptate. Enim quod esse quisquam vitae rem.', 5, '2024-06-11 02:58:35', '2024-06-11 02:58:35'),
(40, 4, 'Dallas Morar V', 'Vitae aut eum praesentium tenetur et laborum quis non. Optio sed autem architecto cum. Enim dolorem dolor beatae.', 0, '2024-06-11 02:58:35', '2024-06-11 02:58:35'),
(41, 21, 'Chaim Graham', 'Commodi culpa sequi assumenda at et similique. Consequatur non nobis animi voluptatem ut distinctio. Consequatur consequatur est eos a occaecati quos et. Praesentium et et praesentium velit omnis et.', 2, '2024-06-11 02:58:35', '2024-06-11 02:58:35'),
(42, 14, 'Amos Bins', 'Reiciendis asperiores reiciendis voluptatem corporis qui nemo. Soluta doloremque est animi dolores.', 1, '2024-06-11 02:58:35', '2024-06-11 02:58:35'),
(43, 8, 'Jess Zieme', 'Laudantium exercitationem ut consequuntur provident autem qui. Dolores vel totam temporibus excepturi. Perferendis molestiae reprehenderit odit occaecati enim. Quae perspiciatis totam dolores sit blanditiis rerum.', 0, '2024-06-11 02:58:35', '2024-06-11 02:58:35'),
(44, 16, 'Rogers Spencer', 'Vel non ut pariatur molestiae atque corrupti. Culpa dolorem necessitatibus cum voluptate aut. Expedita tempora dolores qui nemo aliquid.', 2, '2024-06-11 02:58:35', '2024-06-11 02:58:35'),
(45, 50, 'Mrs. Maeve Larson I', 'Nobis sit impedit dolorem dolorem possimus aut sed provident. Sint quae provident dolor eaque quia nesciunt et. Quia dolor eum pariatur ut.', 2, '2024-06-11 02:58:35', '2024-06-11 02:58:35'),
(46, 17, 'Marielle Russel III', 'Commodi qui ut nobis voluptatem est. Non voluptatum expedita animi et doloremque consectetur illo. Sunt labore fugit quo.', 2, '2024-06-11 02:58:35', '2024-06-11 02:58:35'),
(47, 18, 'Kaitlyn Mertz', 'Numquam molestiae necessitatibus ea deserunt itaque sunt corrupti. Aut ut qui tenetur ut quam corrupti. Sunt impedit rerum consequuntur ea animi. Quisquam excepturi veritatis nihil recusandae corporis excepturi et.', 2, '2024-06-11 02:58:35', '2024-06-11 02:58:35'),
(48, 15, 'Mr. Derek Hamill', 'Rerum ut in et facere saepe voluptatem. Et non veniam corporis soluta. Qui cumque aut esse omnis qui libero.', 4, '2024-06-11 02:58:35', '2024-06-11 02:58:35'),
(49, 31, 'Meagan Yost MD', 'Atque illo nulla itaque sed explicabo aut. Omnis ullam quibusdam omnis temporibus. Culpa in provident optio sunt sint blanditiis occaecati.', 5, '2024-06-11 02:58:35', '2024-06-11 02:58:35'),
(50, 45, 'Mrs. Jadyn Brown Sr.', 'Provident ea vitae cum temporibus eius voluptatem. Asperiores et ipsum saepe dolorem asperiores non et. Vel non adipisci hic ipsa quisquam maxime ipsa. Hic officia exercitationem et placeat voluptate quia sed tempore. Debitis numquam officia occaecati recusandae velit.', 2, '2024-06-11 02:58:35', '2024-06-11 02:58:35'),
(51, 49, 'Chelsie Rogahn', 'Non corrupti autem temporibus nobis dolores non soluta. Molestias deserunt cumque ea iste labore nihil harum voluptatibus. Deserunt enim ea animi et voluptate nemo. Rerum magni praesentium veniam aut et earum itaque.', 0, '2024-06-11 02:58:35', '2024-06-11 02:58:35'),
(52, 6, 'Aubree Boyle', 'Et sunt quia minus laborum. Sunt eos sequi quia provident sit est excepturi. Vel harum et corporis.', 3, '2024-06-11 02:58:35', '2024-06-11 02:58:35'),
(53, 24, 'D\'angelo Padberg', 'Incidunt voluptatem possimus molestias sint sit rem quis qui. Ea aut est perferendis quia reiciendis consequatur magni. Sit asperiores et itaque natus dolor laboriosam magnam ut. Natus placeat aut ipsum quidem.', 2, '2024-06-11 02:58:35', '2024-06-11 02:58:35'),
(54, 40, 'Mr. Nathanial Treutel', 'Odio est nihil qui voluptatem voluptatum. Numquam nostrum blanditiis expedita amet tempore dolorum ipsum commodi. Est qui excepturi beatae quia sed repellat unde.', 1, '2024-06-11 02:58:35', '2024-06-11 02:58:35'),
(55, 7, 'Neoma Cronin', 'Labore hic enim autem et voluptates ad ea ullam. Dolorum voluptatibus ut culpa quisquam sed sit. Praesentium quam explicabo nihil dignissimos voluptatum. Magni sed quaerat quos et occaecati.', 2, '2024-06-11 02:58:35', '2024-06-11 02:58:35'),
(56, 50, 'Prof. Geraldine Torp', 'Incidunt expedita odio nulla vel esse consectetur. Beatae amet ad error aperiam aut dignissimos. Nulla ut neque rerum ut cumque. Qui facilis tempora odit recusandae.', 1, '2024-06-11 02:58:35', '2024-06-11 02:58:35'),
(57, 12, 'Mr. Dalton Gutmann', 'Voluptatem ut nobis beatae mollitia iure eos quia amet. Maxime molestiae omnis aperiam quibusdam. Occaecati deleniti sed consequatur perspiciatis aut numquam amet.', 1, '2024-06-11 02:58:35', '2024-06-11 02:58:35'),
(58, 6, 'Dr. Evans Collier V', 'Fugit et iusto quasi cumque rem. Blanditiis modi quia temporibus aut. Vel est corrupti facere dolorem autem error. Deserunt dolores consequatur enim impedit similique sequi. Architecto dolor minima quis nam eius officiis non.', 1, '2024-06-11 02:58:35', '2024-06-11 02:58:35'),
(59, 10, 'Mrs. Kaya Rolfson', 'Quo ratione eligendi dignissimos nobis explicabo. Optio soluta non voluptate quod. Itaque rerum ut facere amet natus sed. Beatae laborum in provident vero minus reiciendis.', 4, '2024-06-11 02:58:35', '2024-06-11 02:58:35'),
(60, 7, 'Vernon Stracke', 'Cupiditate nemo et beatae placeat voluptas et quibusdam. Ducimus facere culpa iure. Recusandae sunt ut reprehenderit quidem libero est.', 5, '2024-06-11 02:58:35', '2024-06-11 02:58:35'),
(61, 43, 'Prof. Ocie Swift PhD', 'Dolorem dolorum expedita perspiciatis in saepe. Explicabo quod deleniti quo voluptates rerum. Dolorem sit reprehenderit aspernatur repudiandae. Ut voluptas sit qui necessitatibus.', 1, '2024-06-11 02:58:35', '2024-06-11 02:58:35'),
(62, 42, 'Oswald Rosenbaum', 'Quia illum nemo est est dolore qui. Tempora dolorem et aliquid alias dignissimos cum.', 1, '2024-06-11 02:58:35', '2024-06-11 02:58:35'),
(63, 12, 'Mrs. Vita King DVM', 'Ipsam perspiciatis repellat adipisci consequatur in aspernatur ut. Dolorum voluptate assumenda repudiandae molestias qui. Est repudiandae voluptatibus temporibus rerum nulla. Repudiandae tenetur aut quia totam amet.', 4, '2024-06-11 02:58:35', '2024-06-11 02:58:35'),
(64, 37, 'Lessie Satterfield', 'Aut reiciendis explicabo aperiam ratione omnis. Eos nostrum culpa eius repellendus culpa ad. Repellat aut odit consequatur sint. Dolores possimus et molestiae laudantium quas rem vel.', 0, '2024-06-11 02:58:35', '2024-06-11 02:58:35'),
(65, 46, 'Dr. Otto Moore PhD', 'Voluptatum non quos ut illum. Ratione consequatur qui corporis sed suscipit ut. Commodi molestiae officiis consequuntur et doloribus voluptas similique.', 5, '2024-06-11 02:58:35', '2024-06-11 02:58:35'),
(66, 45, 'Mr. Hank Cormier I', 'Ipsam corrupti ipsum iste dolorum animi. Similique molestias sequi occaecati deleniti eaque nam. Iste deserunt minima est quis.', 5, '2024-06-11 02:58:35', '2024-06-11 02:58:35'),
(67, 43, 'Mr. Rafael Walsh PhD', 'Libero tempora asperiores fugiat consequuntur ipsum accusamus modi. Dicta facilis perferendis voluptate suscipit dolore unde.', 4, '2024-06-11 02:58:35', '2024-06-11 02:58:35'),
(68, 39, 'Lorine Ledner', 'Molestias iste quos excepturi nihil. Voluptas necessitatibus sapiente quaerat ipsum. Eius sapiente at sapiente laboriosam quia. Consectetur voluptatem amet eligendi quisquam est vel.', 2, '2024-06-11 02:58:35', '2024-06-11 02:58:35'),
(69, 39, 'Eric Oberbrunner', 'Deleniti mollitia vel magni nulla sint iusto. Delectus quia sit blanditiis quia expedita in tempore. Dicta beatae assumenda laudantium hic error. Voluptatem necessitatibus quae in aut repellat. Amet et reprehenderit sit blanditiis autem consequatur.', 0, '2024-06-11 02:58:35', '2024-06-11 02:58:35'),
(70, 43, 'Mario DuBuque', 'Et sunt consequuntur amet officia suscipit dolorem nesciunt. Corporis veritatis non autem similique nobis et. Aliquam ex repellendus voluptatibus iusto quasi qui voluptates iure.', 1, '2024-06-11 02:58:35', '2024-06-11 02:58:35'),
(71, 17, 'Donna Crona', 'Quia neque iste quia vel neque perferendis. Repudiandae est ducimus quia quae sunt suscipit est. Sunt culpa voluptate beatae voluptatem culpa porro. Error sint dolores recusandae vel amet natus sunt.', 5, '2024-06-11 02:58:35', '2024-06-11 02:58:35'),
(72, 40, 'Prof. Pablo Mueller', 'Sint quo architecto enim ut a quia est. Autem voluptatem ut velit omnis ad quam facilis. Laborum quasi esse aspernatur qui possimus inventore.', 1, '2024-06-11 02:58:35', '2024-06-11 02:58:35'),
(73, 32, 'Porter Glover I', 'Voluptatem saepe voluptatem laborum iusto architecto et. Suscipit consequatur et repellat reprehenderit eum eos.', 5, '2024-06-11 02:58:35', '2024-06-11 02:58:35'),
(74, 29, 'Ms. Alexane Lang II', 'Accusantium veniam libero architecto ratione porro natus est. Sint qui laudantium non ea omnis commodi in. Velit aut nobis blanditiis dolor eveniet excepturi est eaque. Asperiores assumenda voluptas autem sunt.', 4, '2024-06-11 02:58:35', '2024-06-11 02:58:35'),
(75, 7, 'Ms. Reina Hettinger Jr.', 'Hic molestias molestiae a nobis. Exercitationem est distinctio porro est ratione nihil. Incidunt consequatur distinctio id cum. Nisi sed nihil quia dolore. Est voluptas aut molestias ut voluptas accusantium.', 1, '2024-06-11 02:58:35', '2024-06-11 02:58:35'),
(76, 27, 'Mr. Axel Douglas', 'Molestiae consectetur dolores qui eos nihil provident. Accusamus dolores eos nulla. Velit sequi sint minus eaque exercitationem quisquam eos vel. Perspiciatis quo maiores cumque deserunt quia voluptatem enim et.', 5, '2024-06-11 02:58:35', '2024-06-11 02:58:35'),
(77, 47, 'Elenora Torp', 'Sunt rerum magnam eius molestiae numquam rem suscipit. Aut quo natus laudantium accusantium quia. Reprehenderit et totam molestias id aut ducimus magnam. Placeat assumenda consequatur mollitia nihil veniam molestiae.', 5, '2024-06-11 02:58:35', '2024-06-11 02:58:35'),
(78, 22, 'Fleta O\'Kon', 'Qui quae consequatur mollitia veniam quod excepturi hic doloribus. Voluptatem dolor eos inventore. Quis quidem alias voluptatem beatae. Vel id eos nihil culpa maiores.', 0, '2024-06-11 02:58:35', '2024-06-11 02:58:35'),
(79, 29, 'Ms. Alexane Littel II', 'Rem voluptatum temporibus maxime. Ut suscipit ducimus consequatur qui dolores sit ut molestiae.', 3, '2024-06-11 02:58:35', '2024-06-11 02:58:35'),
(80, 48, 'Wendy Pollich', 'Aut nisi necessitatibus et quis nihil ut. Velit dolores error aspernatur deleniti. Deleniti suscipit aspernatur nam at. Neque iste voluptas explicabo molestiae quam dicta.', 1, '2024-06-11 02:58:35', '2024-06-11 02:58:35'),
(81, 46, 'Andrew Mayer', 'Omnis laudantium odit dolorum incidunt. Quisquam quia accusantium ut voluptatum facilis. Et beatae excepturi sunt pariatur in aut id et. Sint voluptatem iste qui libero quia.', 2, '2024-06-11 02:58:35', '2024-06-11 02:58:35'),
(82, 23, 'Neoma Kutch', 'Quis omnis dolor quasi porro dolorum tempore error. Voluptatum molestiae minus asperiores odit. Quia velit tempore adipisci iste cupiditate fuga.', 5, '2024-06-11 02:58:35', '2024-06-11 02:58:35'),
(83, 46, 'Dallin Haag', 'Numquam facilis consequatur est. Iusto omnis soluta reiciendis atque perspiciatis.', 3, '2024-06-11 02:58:35', '2024-06-11 02:58:35'),
(84, 18, 'Kristian Willms', 'Aut cumque error sed qui aliquam. Repellendus perferendis numquam quos qui exercitationem. Excepturi consequatur facere sapiente cumque ut delectus ut. Fuga id dolorum cum aut fugit iure.', 3, '2024-06-11 02:58:35', '2024-06-11 02:58:35'),
(85, 31, 'Otis Marvin', 'Laboriosam dolorum inventore sit eum iste consequatur soluta. In illo possimus ullam. Porro consectetur praesentium cum eos dolor nam.', 3, '2024-06-11 02:58:35', '2024-06-11 02:58:35'),
(86, 44, 'Norwood Gerlach', 'Quia odio dolor atque dignissimos porro. Voluptatem omnis totam itaque est nihil. Rerum sint sequi omnis ab voluptatem sapiente. Error aspernatur quae sint et laborum.', 4, '2024-06-11 02:58:35', '2024-06-11 02:58:35'),
(87, 7, 'Dr. Christa Cummings IV', 'Sapiente cum expedita enim qui quo mollitia. Et omnis sint et aut cumque dicta. Magnam veritatis corporis aut eos. Eaque eos impedit assumenda.', 4, '2024-06-11 02:58:35', '2024-06-11 02:58:35'),
(88, 41, 'Flavie Haag DDS', 'Suscipit neque a ut non. Ea voluptatum ut quaerat ex. Totam eos quibusdam ea dicta accusantium. Voluptate eum rem consequuntur dicta at.', 3, '2024-06-11 02:58:35', '2024-06-11 02:58:35'),
(89, 4, 'Prof. Christiana Armstrong', 'Sint provident enim et est quasi vel laudantium sed. Temporibus praesentium possimus sint cupiditate blanditiis. Tenetur eveniet possimus molestiae enim et temporibus. Voluptate et officiis accusamus autem veniam reiciendis qui. Eos sunt aut laborum.', 0, '2024-06-11 02:58:35', '2024-06-11 02:58:35'),
(90, 7, 'Alvina Rowe', 'Ea et quasi laboriosam temporibus. Exercitationem aliquid et laboriosam. Molestiae eum ab voluptatibus consequatur similique. Vero distinctio et aut expedita. Et aut facilis dignissimos dolores et.', 0, '2024-06-11 02:58:35', '2024-06-11 02:58:35'),
(91, 45, 'Darien Schmidt', 'Repudiandae explicabo qui nisi a voluptas odit et consectetur. Quia consequatur laboriosam consequuntur aut. Ut sit provident ut fugiat quod.', 0, '2024-06-11 02:58:35', '2024-06-11 02:58:35'),
(92, 24, 'Shirley Boyle', 'Aut harum mollitia consequatur dignissimos sint quo. Rerum voluptas magni in. Distinctio velit et consequuntur porro ut maiores. Rerum unde id optio.', 4, '2024-06-11 02:58:35', '2024-06-11 02:58:35'),
(93, 44, 'Blanca Skiles V', 'Sit explicabo dolores eum amet quo. Porro ex ex fuga dolore iste placeat consequuntur. Omnis possimus sint in temporibus illum explicabo earum. Architecto ratione corrupti tenetur porro quasi quae. Quas hic qui consequatur voluptas vel sit culpa quo.', 5, '2024-06-11 02:58:35', '2024-06-11 02:58:35'),
(94, 12, 'Dr. Reilly Renner', 'Maxime accusamus quos qui cupiditate necessitatibus corporis ratione. Ducimus aliquid maiores numquam perferendis perspiciatis at sint. Eius facere delectus iure veniam facere eaque.', 2, '2024-06-11 02:58:35', '2024-06-11 02:58:35'),
(95, 31, 'Derek Pfannerstill', 'Sit odit labore rerum sapiente sequi. Maiores facilis amet assumenda sapiente nihil sed totam. Perspiciatis aut beatae ad quibusdam veniam.', 1, '2024-06-11 02:58:35', '2024-06-11 02:58:35'),
(96, 16, 'Christelle O\'Conner', 'Enim aspernatur molestiae fuga in voluptas cum sed numquam. Praesentium non nemo eaque rerum et vel. Est rem laborum dignissimos minus veniam. Eum maxime quas reprehenderit vel optio voluptatum.', 3, '2024-06-11 02:58:35', '2024-06-11 02:58:35'),
(97, 22, 'Wilton Johnston', 'Dolores sit necessitatibus et aperiam expedita. Voluptatem aut ut vitae deleniti recusandae. Sunt voluptatibus ut est tempore pariatur omnis. Voluptatum amet temporibus et est.', 2, '2024-06-11 02:58:35', '2024-06-11 02:58:35'),
(98, 44, 'Branson Rogahn', 'Alias ipsum laudantium tempore laboriosam dolorem. Voluptatem ad et qui. Nesciunt qui tempore et reiciendis ad.', 5, '2024-06-11 02:58:35', '2024-06-11 02:58:35'),
(99, 12, 'Odie Connelly', 'Qui esse alias eius. Beatae totam et magnam impedit. Non nam quia eum sit eaque. Et ad iusto aperiam consequuntur et aspernatur nostrum officia.', 1, '2024-06-11 02:58:35', '2024-06-11 02:58:35'),
(100, 33, 'Jacynthe Jacobson PhD', 'Quis omnis dolorum sunt voluptate delectus eius. Natus voluptatum veniam nesciunt. Enim et accusamus perspiciatis cumque qui distinctio et.', 2, '2024-06-11 02:58:35', '2024-06-11 02:58:35'),
(101, 39, 'Jakayla Cole', 'Aut odit explicabo est et. Est deserunt voluptatem magnam est voluptatem soluta.', 4, '2024-06-11 02:58:35', '2024-06-11 02:58:35'),
(102, 46, 'Madisyn Rosenbaum', 'Accusamus aut pariatur possimus ut ut quidem et ipsa. Reprehenderit a eos praesentium ex. Blanditiis mollitia in aperiam est explicabo sequi. Non sapiente facilis velit quisquam atque.', 2, '2024-06-11 02:58:35', '2024-06-11 02:58:35'),
(103, 15, 'Prof. Angus Schuppe I', 'Fugiat quaerat sunt laudantium autem ea. Ad maiores quibusdam sed iure qui. Aperiam est officia sapiente dolorem accusantium omnis commodi.', 5, '2024-06-11 02:58:35', '2024-06-11 02:58:35'),
(104, 32, 'Prof. Solon Murphy', 'Accusantium consectetur ea nostrum nobis dicta nihil eum impedit. Praesentium velit ut necessitatibus doloribus aut autem similique. Accusamus quisquam rem vel voluptatum perferendis adipisci. Expedita nihil recusandae maxime dolorem.', 1, '2024-06-11 02:58:35', '2024-06-11 02:58:35'),
(105, 39, 'Dax Cummerata Jr.', 'Repellat explicabo molestiae quo sit laboriosam recusandae. Sed voluptatem error suscipit quasi consequatur placeat. Reprehenderit et voluptatem eaque quia officiis eos saepe. Consequatur amet id laborum labore.', 1, '2024-06-11 02:58:35', '2024-06-11 02:58:35'),
(106, 2, 'Evert Hartmann II', 'Odio eligendi soluta molestiae nemo et ipsam. Et molestias non dolorem asperiores. Quidem eos nulla sit aspernatur. Et fuga maxime consequuntur qui quod earum aliquam quos.', 0, '2024-06-11 02:58:35', '2024-06-11 02:58:35'),
(107, 14, 'Jaeden Padberg', 'Ullam eaque et aut iste animi id. Similique eum eius ratione pariatur. Sit ratione doloremque quia eius. Odio iusto corrupti ut voluptates nam.', 2, '2024-06-11 02:58:35', '2024-06-11 02:58:35'),
(108, 6, 'Arvel Cummings', 'Ipsam exercitationem unde autem doloribus molestiae sed. Provident est et est voluptatem cumque. Dolores iure consectetur et sed.', 4, '2024-06-11 02:58:35', '2024-06-11 02:58:35'),
(109, 17, 'Prof. Orin Huel', 'Quia quia dolorum et et voluptatibus autem iure ea. Delectus necessitatibus vel facere tempore ex similique doloribus. Dolor sint tempora doloribus nihil et beatae.', 4, '2024-06-11 02:58:35', '2024-06-11 02:58:35'),
(110, 50, 'Franz Greenfelder', 'Voluptate qui aut dolores assumenda dicta in. Commodi cupiditate laboriosam repudiandae iste repudiandae natus aut. Reprehenderit et ducimus ratione eum blanditiis officiis illo.', 0, '2024-06-11 02:58:35', '2024-06-11 02:58:35'),
(111, 1, 'Elyssa Nader IV', 'Aut fuga id voluptatum. Alias odit fugiat sapiente rerum. Natus id dolores beatae illo. Beatae et laboriosam delectus architecto debitis culpa rerum. Praesentium ea ducimus dolores esse fuga.', 0, '2024-06-11 02:58:35', '2024-06-11 02:58:35'),
(112, 32, 'Raymundo Paucek', 'A quidem veritatis et saepe ullam. Facere corporis sunt eum natus.', 4, '2024-06-11 02:58:35', '2024-06-11 02:58:35'),
(113, 19, 'Norma Welch', 'Officia dolorum et sit doloribus nisi qui. Quia minima repellat error error fuga delectus laboriosam autem. Quod accusantium qui magni omnis. Ad et nostrum voluptate quod.', 4, '2024-06-11 02:58:35', '2024-06-11 02:58:35'),
(114, 33, 'Prof. Harvey Jaskolski DDS', 'Voluptatem error dolor porro ex non aut. Ut voluptas ut voluptatibus libero et praesentium. Facere officiis rem voluptatem recusandae ratione nam.', 1, '2024-06-11 02:58:35', '2024-06-11 02:58:35'),
(115, 22, 'Johnathon Emard', 'Veritatis aliquid culpa qui sit est nam praesentium quos. Laudantium aut pariatur quod veniam officia est quia. Nobis eum incidunt soluta cupiditate sunt. Corrupti excepturi ut sed quo ducimus et fugiat architecto.', 4, '2024-06-11 02:58:35', '2024-06-11 02:58:35'),
(116, 6, 'Lorenza Trantow', 'Saepe quod accusamus necessitatibus et sed cupiditate. Debitis accusamus ea quam dolor in. Occaecati dolorem praesentium qui. Vel ea voluptatem ab iste et blanditiis quis.', 3, '2024-06-11 02:58:35', '2024-06-11 02:58:35'),
(117, 16, 'Prof. Lacey Fahey', 'Numquam qui nesciunt eos rerum ex aspernatur facere. Doloribus eum nihil magnam et adipisci. Facilis reiciendis eum quos ratione culpa enim esse.', 4, '2024-06-11 02:58:35', '2024-06-11 02:58:35'),
(118, 28, 'Sasha Gutkowski V', 'Amet impedit non et et culpa. Voluptas est quia facilis velit id quia excepturi. Optio magnam sunt iure repudiandae omnis. Eius deleniti laborum fugiat earum aut ducimus sed.', 4, '2024-06-11 02:58:35', '2024-06-11 02:58:35'),
(119, 11, 'Kasandra Emmerich', 'Corporis laboriosam qui eum et magni velit. Suscipit voluptates accusantium sit cumque. Temporibus quisquam dicta nam aut rem ratione inventore.', 0, '2024-06-11 02:58:35', '2024-06-11 02:58:35'),
(120, 29, 'Candice Ankunding IV', 'Qui ea facilis quae hic repudiandae sit. Ex ad assumenda nihil perspiciatis. Minima qui alias est consequatur praesentium laborum. Et alias autem et cumque dolorum quibusdam.', 3, '2024-06-11 02:58:35', '2024-06-11 02:58:35'),
(121, 18, 'Dr. Allen O\'Keefe DDS', 'Magni debitis in ratione quisquam atque. At ea est quia sed rerum. Eum eum excepturi et. Beatae aliquam perferendis voluptatum consectetur voluptatem repudiandae modi.', 1, '2024-06-11 02:58:35', '2024-06-11 02:58:35'),
(122, 8, 'Haleigh Witting', 'Illum ullam sequi quae molestiae eaque. Aut aut odio repellat est maxime placeat sit. Modi inventore sunt aperiam.', 1, '2024-06-11 02:58:35', '2024-06-11 02:58:35'),
(123, 46, 'Austin Osinski', 'Officiis inventore enim consequatur repellat at. Est est aliquam dolorem aliquam. Voluptas at aut occaecati consequatur. Delectus eum corrupti et.', 2, '2024-06-11 02:58:35', '2024-06-11 02:58:35'),
(124, 50, 'Hans Wiegand', 'Aut vel eos minus sit et et quo est. Id mollitia sed est in rem. Qui totam laudantium sed saepe.', 0, '2024-06-11 02:58:35', '2024-06-11 02:58:35'),
(125, 15, 'Neil Streich', 'Expedita voluptates ullam ex velit atque perspiciatis. Explicabo in quos voluptatem totam. Excepturi nostrum expedita commodi asperiores sunt accusantium consequuntur.', 0, '2024-06-11 02:58:35', '2024-06-11 02:58:35'),
(126, 43, 'Brennon Hodkiewicz Sr.', 'Deleniti eligendi distinctio voluptas. Deleniti qui molestiae dolor possimus. Facilis labore dolor et sint est impedit qui sed. Debitis quo a in qui cumque.', 3, '2024-06-11 02:58:35', '2024-06-11 02:58:35'),
(127, 5, 'Mitchel Spencer', 'Id praesentium totam ut reprehenderit et. Ut distinctio blanditiis nihil suscipit. Nihil et dignissimos libero blanditiis occaecati atque dicta similique.', 1, '2024-06-11 02:58:35', '2024-06-11 02:58:35'),
(128, 43, 'Jordon Hudson', 'Voluptatem quam aut nesciunt cumque inventore sed nobis architecto. Porro aut sed iusto repellendus. At qui ut atque nihil. Quos nemo voluptas nisi illum veniam incidunt autem.', 3, '2024-06-11 02:58:35', '2024-06-11 02:58:35'),
(129, 1, 'Gene Sanford', 'Unde ullam nulla consectetur explicabo perferendis. Molestiae voluptatum illo hic aspernatur nostrum repellat.', 2, '2024-06-11 02:58:35', '2024-06-11 02:58:35'),
(130, 18, 'Hailey Feest', 'Asperiores aut numquam sed veritatis. Et facilis officia eligendi neque dolorem at. Voluptatem placeat voluptas ab sed non. Porro quae tempore cumque laudantium adipisci omnis.', 5, '2024-06-11 02:58:35', '2024-06-11 02:58:35'),
(131, 34, 'Johanna Waters', 'Et sit qui amet quia nulla et. Ipsum voluptas adipisci quo inventore sit rem quas ab. Aperiam tempora commodi quidem non vel aut consequatur. Aut tempore distinctio sit quia sunt quidem similique.', 3, '2024-06-11 02:58:35', '2024-06-11 02:58:35'),
(132, 12, 'Dr. Amya Borer', 'Eligendi sint dolorum ut similique ad necessitatibus unde molestias. Beatae asperiores voluptate aliquid incidunt. Ad reprehenderit consequuntur id harum enim doloribus corrupti. Quod ipsam fugit dolor inventore ut asperiores ullam.', 2, '2024-06-11 02:58:35', '2024-06-11 02:58:35'),
(133, 19, 'Ms. Celine Bednar PhD', 'Natus quod quo omnis molestias voluptas debitis. Exercitationem dolorem tempora numquam et illo aut.', 2, '2024-06-11 02:58:35', '2024-06-11 02:58:35'),
(134, 14, 'Percival Marvin', 'Necessitatibus suscipit iste repellendus quo soluta ullam. Ut repellendus inventore voluptatem minus voluptatem nostrum quaerat. Est aut qui consectetur. Recusandae enim sint id occaecati aut est.', 1, '2024-06-11 02:58:35', '2024-06-11 02:58:35'),
(135, 35, 'Kariane Donnelly', 'Voluptatem perferendis qui vel dolorum blanditiis. Aut pariatur tenetur tenetur quidem. Sint ea ut quos tempore vel expedita. Ratione vel vitae voluptate sit fugiat.', 5, '2024-06-11 02:58:35', '2024-06-11 02:58:35'),
(136, 28, 'Prof. Markus Blick', 'Dolores harum corporis et placeat. Saepe iure magni autem distinctio blanditiis. Magnam reiciendis illo natus ut doloribus quia. Perspiciatis sequi sint eius et. Omnis optio qui itaque dolorem et quo.', 0, '2024-06-11 02:58:35', '2024-06-11 02:58:35'),
(137, 25, 'Beaulah Turcotte', 'Et ipsa et aperiam eos eligendi tempore fugit aliquam. Velit natus enim rerum amet placeat.', 4, '2024-06-11 02:58:35', '2024-06-11 02:58:35'),
(138, 14, 'Roxanne Mueller', 'Doloribus fuga et harum recusandae ea accusamus et temporibus. Sunt asperiores voluptates at optio quos quam voluptatibus magni. Velit maxime suscipit rerum eos rerum laboriosam distinctio.', 4, '2024-06-11 02:58:35', '2024-06-11 02:58:35'),
(139, 25, 'Dion Corwin', 'Et nihil alias incidunt provident nemo alias officia est. Quae doloremque voluptas adipisci hic. Earum veritatis eveniet est qui repellat. Magnam sit harum perferendis quibusdam a rerum. Odio numquam laudantium sed libero dolorem eum.', 2, '2024-06-11 02:58:35', '2024-06-11 02:58:35'),
(140, 43, 'Myron Lowe', 'Aliquid omnis explicabo exercitationem. Nihil a voluptatem aut consequatur. Perferendis et qui voluptatem aut libero explicabo eaque magni. Nesciunt rerum voluptas minus odit vitae officiis explicabo.', 0, '2024-06-11 02:58:35', '2024-06-11 02:58:35'),
(141, 12, 'Pink Haley', 'Cumque et necessitatibus soluta exercitationem qui. At et iure sed voluptatem. Nihil rerum quis quia. Debitis ullam dolores voluptates voluptas quia. Quo quo nulla rerum excepturi sed.', 1, '2024-06-11 02:58:35', '2024-06-11 02:58:35'),
(142, 36, 'Kristopher Buckridge', 'Impedit et eligendi nemo aut eaque. Eos nihil error ab veritatis officia voluptatem quis. Inventore soluta rerum sit et ut. Est omnis tempora dignissimos autem eligendi.', 3, '2024-06-11 02:58:35', '2024-06-11 02:58:35'),
(143, 9, 'Vaughn Reichert', 'Ea dolores officiis vitae labore placeat dolor minima. Velit voluptas deserunt debitis et eum. Dolor qui quae quia.', 5, '2024-06-11 02:58:35', '2024-06-11 02:58:35'),
(144, 26, 'Floy Trantow', 'Officiis non et iusto pariatur fuga. Ut ullam fuga ducimus illum qui. Rem quaerat ea aspernatur animi aut.', 0, '2024-06-11 02:58:35', '2024-06-11 02:58:35'),
(145, 42, 'Lindsay Gislason', 'Esse qui deleniti animi quam tenetur. Placeat qui ad nihil velit nisi temporibus. Enim in illo magnam quo et doloribus voluptas. Labore et ipsam ut est at.', 3, '2024-06-11 02:58:35', '2024-06-11 02:58:35'),
(146, 5, 'Ariane Towne', 'Voluptates sed quis quos eos et. Temporibus earum laborum voluptatibus inventore quaerat. Quia dolor fuga maiores dolor dolorem.', 3, '2024-06-11 02:58:35', '2024-06-11 02:58:35'),
(147, 14, 'Prof. Brayan Beier', 'Provident et quo autem impedit impedit dicta. Voluptatem perspiciatis quam voluptatem nisi velit. Omnis dolores nihil sunt beatae rerum doloribus.', 4, '2024-06-11 02:58:35', '2024-06-11 02:58:35'),
(148, 24, 'Bernice Batz', 'Quae illum delectus quam est quae maxime corporis consectetur. Ut recusandae voluptatem cupiditate dolorum minima voluptatem omnis. Amet ipsa sint et et sit aliquid. Alias debitis hic consectetur beatae.', 1, '2024-06-11 02:58:35', '2024-06-11 02:58:35'),
(149, 43, 'Mr. Grayson Bednar', 'Qui sit unde et aperiam amet nesciunt. Laboriosam neque ipsam voluptatibus qui.', 0, '2024-06-11 02:58:35', '2024-06-11 02:58:35'),
(150, 25, 'Dr. Gino Yost', 'Distinctio amet error cupiditate voluptas quaerat rerum. Id consequatur laudantium adipisci ducimus corrupti earum. Quis fugiat ducimus enim occaecati aut. Rerum inventore ut quaerat architecto quam ullam qui. Expedita aut consectetur eius.', 2, '2024-06-11 02:58:35', '2024-06-11 02:58:35'),
(151, 12, 'Miss Marta Rutherford DDS', 'Itaque eum asperiores nam consequatur aperiam dicta enim. Sunt omnis nobis voluptas est hic placeat. Est nihil nemo quasi recusandae voluptatem unde aut. Omnis doloribus dolorem nulla voluptas accusantium nostrum.', 0, '2024-06-11 02:58:35', '2024-06-11 02:58:35'),
(152, 29, 'Korbin Leuschke', 'Provident occaecati explicabo aliquid quis vel sunt tempore. Et tenetur iure inventore rem. Velit vel perferendis ut eos incidunt. Possimus ea architecto perferendis magni.', 3, '2024-06-11 02:58:35', '2024-06-11 02:58:35'),
(153, 22, 'Nellie Schumm V', 'Sint vel nemo ea sint nemo. Sunt est amet alias itaque ab. Et qui ducimus voluptatem delectus asperiores debitis. Occaecati quod labore et modi quia aut.', 1, '2024-06-11 02:58:35', '2024-06-11 02:58:35'),
(154, 16, 'Melyssa Funk', 'Quisquam nihil explicabo ut in soluta odit. Qui ullam incidunt est provident repudiandae enim fugiat. Vel dolores temporibus nihil harum ut et quod.', 4, '2024-06-11 02:58:35', '2024-06-11 02:58:35'),
(155, 17, 'Eldred Sporer', 'Est dolorem nam sapiente labore. Non harum repudiandae sint nemo tenetur tempore. Ipsum itaque modi est. Qui non consequuntur ut consectetur odio.', 2, '2024-06-11 02:58:35', '2024-06-11 02:58:35'),
(156, 31, 'Ms. Eloisa Blick', 'Iure enim porro et aperiam soluta aut. Id aut accusantium doloremque quis. Dignissimos est autem ratione qui optio. Adipisci in dolor aliquid quia debitis vero.', 1, '2024-06-11 02:58:35', '2024-06-11 02:58:35'),
(157, 37, 'Aimee Gleichner', 'Ipsum temporibus quae commodi dolores eveniet aut. Quas consequuntur dolor dolores voluptatem nemo voluptatem. Ducimus et magnam sed exercitationem qui adipisci aut.', 5, '2024-06-11 02:58:35', '2024-06-11 02:58:35'),
(158, 3, 'Prof. Lonny Jones', 'Aut dolores fugiat inventore cupiditate. Sapiente fugiat accusantium accusantium eos repudiandae velit nisi.', 5, '2024-06-11 02:58:35', '2024-06-11 02:58:35'),
(159, 5, 'Addie Collins DDS', 'Impedit at facere eum tempore quia. Officia provident et soluta voluptatem maxime sed quos. Quis occaecati labore quo molestias placeat. Officiis quia est cupiditate sed aut.', 3, '2024-06-11 02:58:35', '2024-06-11 02:58:35'),
(160, 18, 'Hunter Hagenes', 'Velit excepturi quis est optio omnis at aut maxime. Non qui officiis quisquam et debitis. Aut maxime maxime voluptas vel deleniti error ab. Expedita minus sequi delectus dolorum.', 1, '2024-06-11 02:58:35', '2024-06-11 02:58:35'),
(161, 45, 'Prof. Whitney Kirlin', 'Iste dolorem quasi est eum. Consequatur beatae et perferendis voluptate. Nisi omnis distinctio porro dolore harum pariatur.', 1, '2024-06-11 02:58:35', '2024-06-11 02:58:35'),
(162, 41, 'Arvilla Koss', 'Repudiandae explicabo expedita rerum voluptas consequuntur illum tenetur atque. Dolorem et corrupti molestiae nisi quia saepe. Consectetur dolor modi autem facilis corrupti iste quo. Omnis quasi fugit facilis iste labore ab.', 3, '2024-06-11 02:58:35', '2024-06-11 02:58:35'),
(163, 9, 'Nick Ortiz', 'Tempore sed expedita repellat. Aut minima aperiam earum hic enim maiores. Voluptas voluptas exercitationem eligendi et aut.', 3, '2024-06-11 02:58:35', '2024-06-11 02:58:35'),
(164, 50, 'Joshuah Ward', 'Similique unde sed porro iure velit error reprehenderit laborum. Quam cumque assumenda repellendus. Eum ut ut tempora consequatur iusto.', 3, '2024-06-11 02:58:35', '2024-06-11 02:58:35'),
(165, 36, 'Noelia Boyer', 'Debitis eum nihil autem tempora placeat aut autem. Sed nemo sed eos incidunt ipsam. Quia non est aut tempora et culpa nam.', 5, '2024-06-11 02:58:35', '2024-06-11 02:58:35'),
(166, 44, 'Mr. Tyrese Tromp I', 'Quisquam dolorem ea et officiis ipsum soluta quas. Veritatis eveniet natus iste veniam accusamus provident. Enim tempore iure incidunt omnis autem natus. Perferendis voluptatibus minima non nihil ipsa velit accusamus.', 3, '2024-06-11 02:58:35', '2024-06-11 02:58:35'),
(167, 17, 'Joanie Kris', 'Temporibus culpa omnis officia aut. Nemo sint tenetur inventore dolorem quo natus blanditiis. Tenetur cumque qui ratione quis qui.', 5, '2024-06-11 02:58:35', '2024-06-11 02:58:35'),
(168, 1, 'Carey Sanford Sr.', 'Laboriosam excepturi id perferendis ipsum aut corporis. Nobis rem consequuntur perferendis et beatae.', 3, '2024-06-11 02:58:35', '2024-06-11 02:58:35'),
(169, 22, 'Bradly Ledner', 'Harum ratione nam sint et ea reprehenderit. Veritatis blanditiis quam rem libero neque at. Perferendis officia voluptates et ipsum et reprehenderit facere. Voluptas ad ex hic voluptas ut alias.', 0, '2024-06-11 02:58:35', '2024-06-11 02:58:35'),
(170, 7, 'Mr. Erich Johnson', 'Consequuntur omnis perspiciatis sint in necessitatibus. Rem culpa magnam consequatur. Sint aut qui quibusdam.', 5, '2024-06-11 02:58:35', '2024-06-11 02:58:35'),
(171, 22, 'Will Windler', 'Veritatis vel expedita atque quis rem voluptatum. Aut omnis tempora maxime omnis. Perferendis ipsum sed et repudiandae porro ut vitae quis.', 2, '2024-06-11 02:58:35', '2024-06-11 02:58:35'),
(172, 35, 'Dr. Esther Von III', 'Quis tempore sunt iste asperiores quaerat. Sed eos voluptatem nulla labore id ea. Error rerum quia distinctio sunt nam maiores.', 1, '2024-06-11 02:58:35', '2024-06-11 02:58:35'),
(173, 40, 'Prof. Vinnie Denesik', 'Tenetur earum et fugit sed voluptatem suscipit. Rem iste sint architecto aut dolores nesciunt. Rerum debitis voluptatem facere eos id.', 4, '2024-06-11 02:58:35', '2024-06-11 02:58:35'),
(174, 23, 'Adrain Marks', 'Est quasi amet sit minus laborum sint. Ex eveniet quae dolores voluptatem. Et id voluptates iste porro molestiae aliquam.', 3, '2024-06-11 02:58:35', '2024-06-11 02:58:35'),
(175, 33, 'Elta Gislason', 'Deserunt vitae praesentium sint qui inventore sint excepturi suscipit. Sed quaerat ut aut magnam veniam officia. Eveniet sequi esse porro quia vel accusantium.', 0, '2024-06-11 02:58:35', '2024-06-11 02:58:35'),
(176, 20, 'Miss Krystina Ullrich III', 'Animi similique ipsam voluptatem adipisci. Nulla assumenda consequatur totam facere aut illo rerum neque. Possimus sapiente repudiandae optio sint modi autem quisquam. Doloribus quia ullam expedita cumque sint assumenda.', 1, '2024-06-11 02:58:35', '2024-06-11 02:58:35'),
(177, 2, 'Cassandra Zemlak', 'Neque quibusdam nesciunt odit ut ipsam aspernatur exercitationem. Quidem saepe et aliquam voluptatem fuga. Quis consequatur nihil ex molestiae.', 5, '2024-06-11 02:58:35', '2024-06-11 02:58:35'),
(178, 15, 'Marlin Ruecker', 'Recusandae voluptatem magni reiciendis voluptatem est repellendus. Sunt dolorem qui et est ut eius quaerat ratione. Eos aliquam tempora unde eveniet minus eveniet nostrum. Eaque aliquam veritatis quis consequuntur.', 0, '2024-06-11 02:58:35', '2024-06-11 02:58:35'),
(179, 7, 'Estefania Hermann', 'Sunt rem ratione et impedit quasi nulla aspernatur eligendi. Id cupiditate nostrum veritatis quisquam eveniet. In enim est veniam assumenda. Ea autem ex sit magnam quod.', 5, '2024-06-11 02:58:35', '2024-06-11 02:58:35'),
(180, 23, 'Cortez Hane DDS', 'Alias alias nobis similique. Laborum vel sunt magni sunt. Autem eos sed dolores suscipit consequatur quis quia. Repellendus sed sunt numquam quisquam voluptatum.', 0, '2024-06-11 02:58:35', '2024-06-11 02:58:35'),
(181, 43, 'Aurore Schumm', 'Repellat magni illum explicabo voluptatibus accusantium ad rem sit. Enim fugit error id delectus occaecati ut. Veniam quis quos voluptatibus aliquid sint. Qui sed aut voluptas non accusamus saepe et.', 1, '2024-06-11 02:58:35', '2024-06-11 02:58:35'),
(182, 20, 'Timmothy Jakubowski', 'Et asperiores et reiciendis esse quos. Ipsum quas asperiores delectus mollitia nobis.', 0, '2024-06-11 02:58:35', '2024-06-11 02:58:35'),
(183, 26, 'Jaida Sipes', 'Libero qui ducimus at quia officiis eveniet aut. Numquam ex quis harum mollitia ut rerum nulla. Vero aliquid doloremque ut sint tempore quo id praesentium. Fuga commodi omnis dolor est voluptatum accusamus.', 0, '2024-06-11 02:58:35', '2024-06-11 02:58:35'),
(184, 9, 'Prof. Kennith Mann Jr.', 'Numquam totam quis laudantium est ex. Corrupti itaque aut cum illum. Ratione ut aperiam sed quo. Rerum aut consequatur suscipit dignissimos reiciendis officia.', 0, '2024-06-11 02:58:35', '2024-06-11 02:58:35'),
(185, 33, 'Mckenzie Marks', 'Dignissimos officia rerum aliquid sunt illum et. Qui libero molestiae enim quis culpa tempore nam nostrum. Est dolore ut fugit fugit. Et iste fugit maxime tenetur.', 0, '2024-06-11 02:58:35', '2024-06-11 02:58:35'),
(186, 29, 'Jude Boyle', 'Nulla quod atque dolor et. Cum ipsum excepturi dolores quia rerum dolorem minima. Harum error sed in est saepe unde. Ipsa saepe voluptas cumque et rerum perferendis est. Qui consequuntur eveniet molestias dolorum praesentium dignissimos.', 0, '2024-06-11 02:58:35', '2024-06-11 02:58:35'),
(187, 49, 'Ida Grady IV', 'Odio expedita amet eos qui illum. Animi at ducimus eligendi minima magni. Sapiente molestiae mollitia et libero corrupti ab et. Aliquid officia quia et soluta est. Cum magnam ut omnis architecto labore adipisci temporibus.', 2, '2024-06-11 02:58:35', '2024-06-11 02:58:35'),
(188, 21, 'Dr. Kole Friesen', 'Tempora deserunt et impedit quod et voluptatem. Iusto vero repellat fugit voluptatem.', 4, '2024-06-11 02:58:35', '2024-06-11 02:58:35'),
(189, 35, 'Blake Hodkiewicz', 'Voluptas quae consequuntur debitis beatae reprehenderit. Voluptatibus voluptas dolores officiis quibusdam similique molestias. Nulla ut rerum consequatur cum at est. Dolorum asperiores et vel et.', 2, '2024-06-11 02:58:35', '2024-06-11 02:58:35'),
(190, 9, 'Mrs. Maude Kshlerin II', 'Aut neque inventore dicta nesciunt. Deleniti illum voluptatum iste voluptatum. Quod ullam modi qui consequuntur odit ratione sapiente.', 3, '2024-06-11 02:58:35', '2024-06-11 02:58:35'),
(191, 23, 'Arnold Walter', 'Est porro adipisci reiciendis asperiores dolor. Aperiam voluptate temporibus illum quo. Alias repudiandae repellat provident. Laudantium quia dolore quam quos.', 1, '2024-06-11 02:58:35', '2024-06-11 02:58:35'),
(192, 16, 'Antwan Stanton', 'Commodi qui rerum voluptatem inventore enim molestias magni. Ea vero excepturi explicabo itaque corporis et. Et enim modi dolorem tempore fuga eveniet in. Dolore ratione quidem laborum maxime.', 3, '2024-06-11 02:58:35', '2024-06-11 02:58:35'),
(193, 31, 'Mrs. Leila Roberts DDS', 'Error sit culpa voluptates dolores quia cupiditate. Hic enim quia sed id temporibus cupiditate. In tempore reprehenderit consequatur voluptates asperiores blanditiis ab. Expedita accusantium commodi ea harum.', 0, '2024-06-11 02:58:35', '2024-06-11 02:58:35'),
(194, 26, 'Alejandrin Mohr', 'Dolorem qui molestiae ea quasi dolor. Nam veritatis et dolore velit. Repellat non placeat nobis non est et. Modi nesciunt explicabo vitae dolores consequuntur sequi earum. Doloribus et distinctio tempora possimus et.', 4, '2024-06-11 02:58:35', '2024-06-11 02:58:35'),
(195, 18, 'Quinn Wuckert', 'Minus earum aut non inventore sed rerum illo. Enim eos laborum facere qui. Ut voluptatum nisi omnis. Ut non in consequatur est ea inventore eos.', 1, '2024-06-11 02:58:35', '2024-06-11 02:58:35'),
(196, 49, 'Jacques Tremblay I', 'Quo aspernatur architecto ratione blanditiis dolore vero dolorem. Sit harum dolorem harum facere. Aliquam velit dolorem voluptates alias laborum.', 3, '2024-06-11 02:58:35', '2024-06-11 02:58:35'),
(197, 7, 'Devyn Mraz', 'Rerum non dignissimos quis totam. Doloribus voluptatem ipsa iste odio labore. Dolore ut culpa minus consequatur. Magni provident exercitationem id pariatur perferendis numquam consequatur non.', 5, '2024-06-11 02:58:35', '2024-06-11 02:58:35'),
(198, 44, 'Rory Haag', 'Qui veniam dolor tempore soluta sapiente veniam deleniti. Saepe aut aut nam a. Commodi libero dicta necessitatibus quia labore doloremque earum. Harum dolores voluptatibus omnis nostrum.', 0, '2024-06-11 02:58:35', '2024-06-11 02:58:35'),
(199, 31, 'Lew Bailey I', 'In id in beatae odit. Voluptatem aspernatur et sapiente sed corporis nihil dolorum aperiam. Sed et velit accusamus. Ut alias et voluptatem voluptas ut.', 3, '2024-06-11 02:58:35', '2024-06-11 02:58:35'),
(200, 47, 'Easter Jakubowski', 'Sunt ut ex error rem ut. Est aut aliquid corporis perferendis ipsa quis. Quos fugit porro ut harum cumque aut quidem. Ut id rerum tempore maiores dolore nesciunt.', 1, '2024-06-11 02:58:35', '2024-06-11 02:58:35'),
(201, 31, 'Esther Moen', 'Enim excepturi architecto molestiae saepe velit. Velit et neque consequatur quasi omnis sed.', 1, '2024-06-11 02:58:35', '2024-06-11 02:58:35'),
(202, 43, 'Mckenna Douglas', 'Qui aut facilis magnam et. At quis rem inventore eius deleniti necessitatibus quo.', 4, '2024-06-11 02:58:35', '2024-06-11 02:58:35'),
(203, 23, 'Mrs. Mona Hand III', 'Ut ut est amet non ab quibusdam culpa sed. Sequi maiores in commodi earum in et. Et dicta iure quia cupiditate sunt nisi consequatur dolorem. Molestiae voluptatem accusamus incidunt laboriosam laborum veniam.', 4, '2024-06-11 02:58:35', '2024-06-11 02:58:35'),
(204, 15, 'Ms. Maymie Parisian', 'Id exercitationem repellendus nesciunt accusamus mollitia debitis ullam. Neque aut sint in dolore ea maxime. Quam facere temporibus eos a a excepturi placeat. Neque facilis atque sed perspiciatis officia nemo excepturi quod.', 4, '2024-06-11 02:58:35', '2024-06-11 02:58:35'),
(205, 30, 'Prof. Alfredo Stoltenberg III', 'Autem corporis error ut error voluptatem. Eum ea nulla excepturi velit est et eveniet. Adipisci consequatur qui sed voluptas non et natus.', 0, '2024-06-11 02:58:35', '2024-06-11 02:58:35'),
(206, 32, 'Mr. Eldon Kuhic III', 'Consequatur distinctio ullam sapiente quasi quia laboriosam soluta aut. Consequuntur est aut deserunt voluptatem omnis voluptatem sed. Sint perferendis quam temporibus quo qui modi voluptatem.', 4, '2024-06-11 02:58:35', '2024-06-11 02:58:35');
INSERT INTO `reviews` (`id`, `product_id`, `customer`, `review`, `star`, `created_at`, `updated_at`) VALUES
(207, 28, 'Pascale Flatley', 'Sed vel aliquid quas iste. Rerum fugiat ratione inventore laborum eligendi tenetur quae. Et voluptas ipsa nihil tempore quod iste labore. Voluptas accusamus et deserunt ut illum.', 5, '2024-06-11 02:58:35', '2024-06-11 02:58:35'),
(208, 46, 'Ashlynn Kozey I', 'Quibusdam molestiae recusandae temporibus est dolores voluptatum. Reiciendis delectus inventore dignissimos ut quaerat. Quis culpa iusto cupiditate incidunt.', 4, '2024-06-11 02:58:35', '2024-06-11 02:58:35'),
(209, 13, 'Rodger Streich DVM', 'Nemo quo est libero ut consectetur. Facilis sit molestiae voluptatibus odio. Magnam est nobis eum facilis tempore voluptas labore. Et est voluptatem laudantium similique sed facere non. Iusto ullam officia ea voluptas.', 4, '2024-06-11 02:58:35', '2024-06-11 02:58:35'),
(210, 50, 'Graham O\'Connell Sr.', 'Laborum consectetur reiciendis autem harum esse est quidem. Et blanditiis a molestiae delectus odit sunt ea molestias. Et vel cupiditate enim.', 4, '2024-06-11 02:58:35', '2024-06-11 02:58:35'),
(211, 38, 'Horace Sipes', 'Et qui quasi et molestiae. Sit accusantium vitae ex maiores. Possimus vero impedit labore quas similique dolorem cumque. Expedita nihil et quo est.', 1, '2024-06-11 02:58:35', '2024-06-11 02:58:35'),
(212, 43, 'Creola Walsh', 'Ipsum sapiente incidunt deleniti maxime. Nemo sit recusandae ea ab ipsa sit porro. Consequuntur sunt nostrum et. Molestiae sunt omnis odio natus dolor commodi.', 0, '2024-06-11 02:58:35', '2024-06-11 02:58:35'),
(213, 16, 'Howell Schmitt', 'Dolores veniam aliquam itaque qui. Eum et rem molestias in aspernatur voluptatem. Ullam corrupti eveniet explicabo sit molestias.', 4, '2024-06-11 02:58:35', '2024-06-11 02:58:35'),
(214, 39, 'Javon Leffler', 'Odio iusto ad commodi id velit. Quam voluptate voluptas est et consequatur quisquam. Non debitis pariatur et nobis.', 4, '2024-06-11 02:58:35', '2024-06-11 02:58:35'),
(215, 7, 'Griffin Bayer', 'Optio inventore voluptatem ut eveniet quia laudantium saepe ea. Quia odio corporis illo fugiat officia esse consectetur mollitia. Est inventore nam aspernatur sed aut iste qui.', 3, '2024-06-11 02:58:35', '2024-06-11 02:58:35'),
(216, 27, 'Dr. Cheyanne Hermiston', 'Non numquam labore sed odio et sed totam fuga. Dolorem et neque et dolor necessitatibus. Temporibus asperiores officia quae ipsum rerum iure ipsam mollitia. Incidunt sit aperiam corrupti in aut iure tempore.', 3, '2024-06-11 02:58:35', '2024-06-11 02:58:35'),
(217, 11, 'Mrs. Leatha O\'Kon', 'Placeat dolores nihil dolor voluptas cumque. Aperiam deserunt facilis consequatur quia. Illum id necessitatibus molestiae. Adipisci neque rem accusamus maiores et alias. Hic at labore dolorem cum aspernatur ea.', 5, '2024-06-11 02:58:35', '2024-06-11 02:58:35'),
(218, 47, 'Ms. Assunta Lang', 'Nam ut illum voluptate nobis non nihil quo. Et et dicta quia modi delectus et quaerat. Ad quia sit dolores veniam debitis magni enim. Consequuntur et nesciunt fugit reprehenderit voluptas.', 3, '2024-06-11 02:58:35', '2024-06-11 02:58:35'),
(219, 36, 'Barton Howell', 'Facere vero deleniti perferendis enim quia nisi soluta. Sunt voluptate est quidem omnis ut maxime. Modi id corrupti voluptas ad quia quam qui.', 3, '2024-06-11 02:58:35', '2024-06-11 02:58:35'),
(220, 5, 'Violette Bednar II', 'Alias maiores commodi doloribus recusandae velit. Facilis reiciendis explicabo ad possimus dolorem. Dolores officiis autem et perspiciatis quo recusandae voluptatem.', 4, '2024-06-11 02:58:35', '2024-06-11 02:58:35'),
(221, 27, 'Mr. Jettie Parker V', 'Explicabo provident perferendis aspernatur dolore omnis est sunt tempore. Aspernatur nobis esse suscipit repellat occaecati. Corporis dolorem necessitatibus autem quo. Dolores tempora excepturi corporis voluptatem commodi ipsum. Alias corrupti rem dolorem qui sit nisi.', 5, '2024-06-11 02:58:35', '2024-06-11 02:58:35'),
(222, 9, 'Dr. Tyrel Altenwerth', 'Qui nesciunt ducimus recusandae consectetur ut consectetur. Sed debitis et aut quidem doloribus et qui quia. Velit aut id aut officia assumenda. Harum suscipit et dolores consectetur veniam.', 4, '2024-06-11 02:58:35', '2024-06-11 02:58:35'),
(223, 35, 'Miss Eula Yost MD', 'Saepe ut vel debitis rerum in dolor. Aut voluptas qui consequatur aut dolore aspernatur fugit. Non voluptas quidem magni blanditiis facilis at. Amet iure facilis dolorum et accusamus.', 0, '2024-06-11 02:58:35', '2024-06-11 02:58:35'),
(224, 43, 'Dr. Torrance Wunsch I', 'Qui quae alias doloribus sequi. Ullam aspernatur ducimus neque officiis quas et.', 2, '2024-06-11 02:58:35', '2024-06-11 02:58:35'),
(225, 46, 'Rozella Kuhn III', 'Et reprehenderit ipsum deleniti fugit ex quae. Modi enim repudiandae et eaque. At ut similique molestias et.', 5, '2024-06-11 02:58:35', '2024-06-11 02:58:35'),
(226, 33, 'Alverta Rowe', 'Veritatis aut dolores impedit. Atque ipsa facere est ex eveniet iusto voluptatem. Cumque minima voluptas laborum ullam consequatur. Sunt sapiente minima cupiditate a aliquid eum.', 2, '2024-06-11 02:58:35', '2024-06-11 02:58:35'),
(227, 34, 'Verlie Russel', 'Reprehenderit quis quam sequi est unde et suscipit excepturi. Voluptatem tempore qui beatae maiores. Ab eius ut officiis ut aut sed et in. Officiis quas delectus nobis mollitia neque autem provident.', 3, '2024-06-11 02:58:35', '2024-06-11 02:58:35'),
(228, 28, 'Dr. Ernestina Schmeler', 'Dolores unde laudantium est atque ut nesciunt. Soluta id eligendi et non. Incidunt maiores dolore et. Dolore sit nobis nostrum similique debitis veniam autem.', 5, '2024-06-11 02:58:35', '2024-06-11 02:58:35'),
(229, 8, 'Prof. Rey Hudson MD', 'Adipisci magni et dicta quis quia. Ad ab veniam rerum vel. Et repellendus quam dolores exercitationem voluptatem iure ducimus.', 0, '2024-06-11 02:58:35', '2024-06-11 02:58:35'),
(230, 36, 'Warren Koss', 'Dolores perferendis qui incidunt omnis consequuntur nostrum pariatur. Et quia accusantium quis rerum quasi. Et fugit ea quis eligendi rerum.', 1, '2024-06-11 02:58:35', '2024-06-11 02:58:35'),
(231, 19, 'Dr. Macey Schuster Jr.', 'Qui molestiae tenetur reprehenderit. Magni ratione impedit laboriosam tempora quidem. Placeat exercitationem non cum totam voluptatibus.', 5, '2024-06-11 02:58:35', '2024-06-11 02:58:35'),
(232, 32, 'Dr. Bernadine Stokes Jr.', 'Corporis quidem consequatur eum. Quia mollitia nihil et nihil est. Aperiam dolores quia velit adipisci recusandae dolorem neque. Quaerat ipsa qui ratione commodi.', 2, '2024-06-11 02:58:35', '2024-06-11 02:58:35'),
(233, 28, 'Althea Breitenberg', 'Illo modi alias libero. Eum veniam voluptas voluptatem consequatur. Aspernatur itaque laborum ex voluptatem. Cum quod aut est ea quod.', 0, '2024-06-11 02:58:35', '2024-06-11 02:58:35'),
(234, 9, 'Mrs. Lora Wintheiser', 'Qui quibusdam et iure qui qui et sit. Magni ea exercitationem minus aut. Rerum placeat quam et eos fugit sed quis.', 3, '2024-06-11 02:58:35', '2024-06-11 02:58:35'),
(235, 20, 'Mrs. Abigale Schiller Jr.', 'Ea magnam quam numquam aut doloribus. Quae libero doloremque error velit hic quam.', 1, '2024-06-11 02:58:35', '2024-06-11 02:58:35'),
(236, 44, 'Alia Nicolas I', 'Vel neque sequi ut magnam saepe unde velit inventore. Beatae excepturi at pariatur earum non. Perspiciatis enim quidem et repudiandae minima. Et delectus vel nobis repudiandae.', 5, '2024-06-11 02:58:35', '2024-06-11 02:58:35'),
(237, 16, 'Alphonso Powlowski', 'Et pariatur est aliquam in doloribus. Qui veniam vel commodi voluptatum fugiat aspernatur aspernatur nisi. Est molestiae rerum eaque doloremque et illo.', 1, '2024-06-11 02:58:35', '2024-06-11 02:58:35'),
(238, 6, 'Sharon Cruickshank', 'Magnam enim nihil eum. Hic vitae minus ex alias quos exercitationem. Enim dicta necessitatibus mollitia nesciunt possimus. Repudiandae porro a et eligendi a omnis. Qui sed voluptas fugiat sapiente.', 2, '2024-06-11 02:58:35', '2024-06-11 02:58:35'),
(239, 2, 'Lavina Ondricka', 'Sit aperiam sit assumenda quasi est aut. Cumque aliquam rerum pariatur pariatur et libero a. Consequatur quas fuga aspernatur delectus et. Consequuntur ut exercitationem sequi eum.', 2, '2024-06-11 02:58:35', '2024-06-11 02:58:35'),
(240, 42, 'Dr. Karina Glover DDS', 'Porro esse non quaerat et. Minus tempore et nihil. Iusto et enim voluptate dolorem amet. Recusandae qui dicta saepe veniam enim.', 3, '2024-06-11 02:58:35', '2024-06-11 02:58:35'),
(241, 47, 'Prof. Alford Lockman IV', 'Quidem voluptatem nisi est. Ut ut unde consequuntur culpa. Voluptas dicta animi provident omnis rerum et magnam.', 0, '2024-06-11 02:58:35', '2024-06-11 02:58:35'),
(242, 25, 'Sid Nitzsche', 'Et consequatur dolor consequatur impedit voluptas hic. Officia voluptate saepe tempora dolorum.', 2, '2024-06-11 02:58:35', '2024-06-11 02:58:35'),
(243, 47, 'Prof. Mona Kuhic MD', 'Quia non explicabo iste exercitationem. Aut voluptatum quibusdam culpa voluptas quaerat.', 2, '2024-06-11 02:58:35', '2024-06-11 02:58:35'),
(244, 49, 'Kaley Nienow', 'Esse qui temporibus voluptatum repellat voluptatem. Sit accusamus est ut officia.', 4, '2024-06-11 02:58:35', '2024-06-11 02:58:35'),
(245, 12, 'Susana West', 'Magnam aut harum dolore vitae omnis. Accusamus itaque velit laborum nihil quaerat laboriosam ut. Laboriosam facere omnis sed autem ut minus in et. Sunt corrupti vel totam id dolor.', 0, '2024-06-11 02:58:35', '2024-06-11 02:58:35'),
(246, 26, 'Idell Smitham', 'Dignissimos rerum labore consequatur qui et sed. Reiciendis dolores neque repellendus magni eveniet non laudantium saepe. Explicabo odit repellat et consequatur veritatis sit. Molestiae neque suscipit voluptatum et et.', 2, '2024-06-11 02:58:35', '2024-06-11 02:58:35'),
(247, 40, 'Prof. Rick Bayer I', 'Eum laborum vitae hic. Eaque et consequuntur id assumenda. Veniam fugiat exercitationem harum et eos doloremque. Rerum consequatur unde id suscipit ea.', 5, '2024-06-11 02:58:35', '2024-06-11 02:58:35'),
(248, 38, 'Helena Kshlerin', 'Est architecto enim nobis consequatur. Architecto odit quis ut soluta error id voluptatem. Quam quia eum facilis repellendus. Aut qui sit distinctio quis sint qui atque et.', 3, '2024-06-11 02:58:35', '2024-06-11 02:58:35'),
(249, 25, 'Maritza Von', 'Qui deleniti fugiat et. Dolor id est mollitia quis ab iste qui. Assumenda delectus iure quos.', 3, '2024-06-11 02:58:35', '2024-06-11 02:58:35'),
(250, 44, 'Miss Janice Hoeger', 'Voluptatem odit corporis non qui id sunt aperiam. Aliquam molestias reprehenderit veniam. Impedit deserunt corporis quisquam perferendis quia assumenda explicabo. Totam qui saepe quos molestiae non dolorem.', 1, '2024-06-11 02:58:35', '2024-06-11 02:58:35'),
(251, 5, 'Ashlynn Hickle', 'Et animi et maiores molestias nihil provident reiciendis. Minus sint iste tempore quia nesciunt optio et. Praesentium quis porro repudiandae maxime vitae quia. Amet nihil rerum neque nostrum voluptatibus ea.', 4, '2024-06-11 02:58:35', '2024-06-11 02:58:35'),
(252, 43, 'Dennis Bins', 'Sed earum et architecto incidunt. Voluptas nisi et beatae perspiciatis. Temporibus dolorum voluptate explicabo impedit dolorem voluptas ipsa.', 0, '2024-06-11 02:58:35', '2024-06-11 02:58:35'),
(253, 26, 'Nicolette Hirthe', 'Sequi incidunt quibusdam sit qui mollitia. Tempore aut nesciunt aperiam. Facilis et vel praesentium alias deleniti dolore ea molestiae. Eaque architecto accusamus dignissimos voluptatem temporibus fugiat excepturi. Maiores consectetur quibusdam cumque odit architecto rem qui.', 0, '2024-06-11 02:58:35', '2024-06-11 02:58:35'),
(254, 3, 'Alvena Howell', 'Explicabo aut nihil quis earum. Voluptatum nesciunt sunt voluptatem qui veniam. Corporis reprehenderit necessitatibus quo dolores. Quasi ipsam ducimus necessitatibus qui quae voluptatem omnis.', 5, '2024-06-11 02:58:35', '2024-06-11 02:58:35'),
(255, 34, 'Lori Kerluke', 'Natus fuga quae deserunt praesentium eum. Praesentium deleniti non amet incidunt illum qui velit. Error nulla quia quisquam sunt. Illum eaque qui eum ut et praesentium.', 5, '2024-06-11 02:58:35', '2024-06-11 02:58:35'),
(256, 46, 'Dr. Yvonne Hagenes', 'Veniam laboriosam ea aut incidunt voluptate. Molestias doloremque repellat quasi. Est magni reprehenderit et corporis in deserunt.', 3, '2024-06-11 02:58:35', '2024-06-11 02:58:35'),
(257, 34, 'Hassan Heidenreich', 'Cumque quas sit aperiam voluptas neque ipsum. Quia perspiciatis tenetur ullam enim hic nam necessitatibus. Itaque dicta perspiciatis unde sequi alias in.', 2, '2024-06-11 02:58:35', '2024-06-11 02:58:35'),
(258, 22, 'Jaylon Abernathy', 'Quis vero nisi sed fuga repudiandae veritatis. Aspernatur inventore voluptatem nesciunt debitis quia. Provident est similique soluta rerum dolorem consequatur ratione. Vero illo nemo ad iste aspernatur.', 5, '2024-06-11 02:58:35', '2024-06-11 02:58:35'),
(259, 45, 'Chester VonRueden', 'Incidunt quia voluptatem sunt aspernatur repellendus earum aperiam. Reprehenderit sunt magnam qui quod porro rerum. Culpa rem voluptatibus suscipit. Eos repellendus in a beatae quia corporis ipsa dolor.', 5, '2024-06-11 02:58:35', '2024-06-11 02:58:35'),
(260, 25, 'Emile Stiedemann', 'Facilis reprehenderit accusantium sed quis nobis natus at deserunt. Fugiat et dolores reiciendis repellendus enim architecto. Doloribus saepe ex nihil facere. Ipsum est nulla mollitia fugiat officiis atque.', 4, '2024-06-11 02:58:35', '2024-06-11 02:58:35'),
(261, 31, 'Dr. Enos Leuschke', 'Unde cum saepe facilis distinctio error. Non voluptatibus eos recusandae quisquam. Est et omnis sunt qui explicabo. Dolor fugit alias sed accusantium corrupti.', 0, '2024-06-11 02:58:35', '2024-06-11 02:58:35'),
(262, 8, 'Mario Ruecker MD', 'Dolore qui temporibus libero qui atque voluptatem est. Est porro unde velit inventore omnis delectus quia est. Est velit ducimus sed quia corrupti.', 1, '2024-06-11 02:58:35', '2024-06-11 02:58:35'),
(263, 38, 'Katrine Huels', 'Quidem exercitationem adipisci iure. Reprehenderit dolores voluptatem est quaerat. Porro minima est vero tempore odit ut officiis eaque.', 1, '2024-06-11 02:58:35', '2024-06-11 02:58:35'),
(264, 29, 'Orion Lueilwitz', 'Odit sed consectetur asperiores voluptatem laboriosam nesciunt. Rerum soluta asperiores molestiae similique error possimus et qui. Iusto doloribus rerum ut.', 3, '2024-06-11 02:58:35', '2024-06-11 02:58:35'),
(265, 46, 'Erika Jenkins', 'Non dolorem vel tempora molestias ut. Laborum officia non magni aut. Voluptatem quasi tempore quia qui dicta sint accusamus quibusdam. Optio velit sed repellendus dolorem debitis neque unde sapiente.', 5, '2024-06-11 02:58:35', '2024-06-11 02:58:35'),
(266, 42, 'Dr. Consuelo Schneider', 'Harum rerum enim sint architecto qui quisquam. Quo ipsum quia et ea. Ipsum nam laudantium quas quia a labore est.', 0, '2024-06-11 02:58:35', '2024-06-11 02:58:35'),
(267, 5, 'Prof. Mckayla Pollich', 'Ut modi voluptatum sunt dicta cumque iure a non. Enim dolorum omnis ea eaque pariatur non distinctio facere. Laboriosam magni corporis distinctio rerum dolore culpa quo facere. Commodi est qui quidem et sapiente quo totam.', 1, '2024-06-11 02:58:35', '2024-06-11 02:58:35'),
(268, 30, 'Dr. Nickolas Howell', 'Esse nemo laudantium modi debitis non facilis. Minus mollitia mollitia sint temporibus quaerat in temporibus vitae. Placeat accusantium consequatur molestiae voluptatem necessitatibus rerum. Quibusdam iste modi qui vitae.', 5, '2024-06-11 02:58:35', '2024-06-11 02:58:35'),
(269, 47, 'Larissa Langosh', 'Aut et deleniti laboriosam sint molestiae autem quis. Voluptatem commodi enim eos maxime. Architecto rerum porro vel error vero eum. Ipsum nesciunt et ut quia veniam. Nulla atque esse libero blanditiis ipsa necessitatibus quidem.', 4, '2024-06-11 02:58:35', '2024-06-11 02:58:35'),
(270, 9, 'Jody McClure', 'Optio dolor aut aut natus possimus. Dolores velit vitae sit odit quisquam. Sequi quo odio laborum quod nisi in hic.', 2, '2024-06-11 02:58:35', '2024-06-11 02:58:35'),
(271, 5, 'Osbaldo Runolfsson', 'Mollitia quis consequatur ut animi dolor. Odit similique iusto veritatis voluptas ullam similique odit iure. Est accusamus distinctio dolorem delectus pariatur veritatis iure. Aut minus voluptas harum perspiciatis aut. In sapiente est molestiae velit amet qui ut.', 0, '2024-06-11 02:58:35', '2024-06-11 02:58:35'),
(272, 34, 'Miss Amelia Feeney IV', 'Ut dolore dolorem quia quos. Consectetur perspiciatis rerum saepe et asperiores deleniti. Laboriosam sit minus fugiat vitae. Qui rem aliquid et sint aperiam dignissimos aut.', 5, '2024-06-11 02:58:35', '2024-06-11 02:58:35'),
(273, 14, 'Arvilla Mosciski', 'Tempora maiores excepturi atque architecto perferendis velit odit. Ea vero nulla at. Vel repudiandae corporis nobis qui deserunt rerum.', 5, '2024-06-11 02:58:35', '2024-06-11 02:58:35'),
(274, 6, 'Theresia Dickens', 'Illum mollitia repudiandae minus. Vero magnam voluptates sunt dolor placeat. Consequuntur tempore numquam est. Exercitationem et vero iste et. Tempora nisi rerum praesentium.', 2, '2024-06-11 02:58:35', '2024-06-11 02:58:35'),
(275, 32, 'Mr. Erling Medhurst II', 'Sed debitis harum distinctio aut porro corrupti repellat eum. Repellendus earum qui ullam et nobis animi.', 3, '2024-06-11 02:58:35', '2024-06-11 02:58:35'),
(276, 22, 'Geo Nitzsche', 'Laudantium doloribus quia rerum veritatis velit et. Blanditiis quibusdam voluptates consequatur tenetur nisi enim ab. A suscipit quibusdam est architecto reiciendis blanditiis.', 0, '2024-06-11 02:58:35', '2024-06-11 02:58:35'),
(277, 45, 'Malcolm O\'Keefe II', 'Beatae reiciendis sapiente facere alias dicta. Voluptatem nemo dicta esse laborum velit saepe distinctio. Et eius magnam rerum dolore. Officia rem et aspernatur sit perferendis alias.', 3, '2024-06-11 02:58:35', '2024-06-11 02:58:35'),
(278, 4, 'Mrs. Maud Mohr', 'Nesciunt possimus et aperiam omnis rerum inventore. Et autem reiciendis libero. Repellat magni et totam assumenda voluptas. Aut facere saepe fuga molestias voluptate aut et dolores.', 1, '2024-06-11 02:58:35', '2024-06-11 02:58:35'),
(279, 49, 'Ms. Kayla Pollich I', 'Repellendus non perferendis qui ut eum est nulla. Officiis eum maxime earum provident et aut quaerat. Suscipit magnam eveniet quia alias harum fugiat.', 4, '2024-06-11 02:58:35', '2024-06-11 02:58:35'),
(280, 42, 'Elsa Bode', 'Repellat qui officiis et possimus. Dolor incidunt nisi molestias nihil. At nesciunt nihil soluta nihil. Consequatur voluptas facere accusamus magni repudiandae aperiam.', 3, '2024-06-11 02:58:35', '2024-06-11 02:58:35'),
(281, 42, 'Tracey Mueller', 'Maiores et ut voluptate qui. Odit voluptatem maxime sunt natus adipisci quo voluptate autem. Expedita rerum provident vel aspernatur optio delectus. Sint libero velit porro.', 0, '2024-06-11 02:58:35', '2024-06-11 02:58:35'),
(282, 37, 'Verdie Hickle', 'Suscipit et omnis consequuntur dolore. Ut delectus asperiores atque voluptas distinctio. Dolorem qui harum eveniet et cum assumenda. Quod ducimus id aut iure sit quidem similique.', 5, '2024-06-11 02:58:35', '2024-06-11 02:58:35'),
(283, 25, 'Dr. Dolores Jenkins', 'Voluptatem cumque recusandae nobis sunt non facere repellat. Sit voluptas odio temporibus sapiente.', 3, '2024-06-11 02:58:35', '2024-06-11 02:58:35'),
(284, 5, 'Verlie Corwin', 'Impedit iste cum perferendis veniam et assumenda possimus ullam. Qui temporibus sit non atque atque labore optio. Laborum quae quo delectus deleniti. Corrupti debitis eius id est quos qui nulla.', 3, '2024-06-11 02:58:35', '2024-06-11 02:58:35'),
(285, 21, 'Chasity McKenzie', 'Delectus sint voluptatem sit voluptatibus sed neque. Perspiciatis perferendis et veritatis necessitatibus velit autem. Neque doloribus mollitia hic et eligendi perferendis.', 5, '2024-06-11 02:58:35', '2024-06-11 02:58:35'),
(286, 27, 'Thomas Miller', 'Aliquid molestiae eos qui perspiciatis sint voluptates. Omnis sint iusto nihil ad. Rem necessitatibus laudantium veniam tempore.', 5, '2024-06-11 02:58:35', '2024-06-11 02:58:35'),
(287, 47, 'Marge Zboncak', 'Rem itaque quos qui nostrum harum. Voluptate illum illo dolores et cum. Qui earum unde aspernatur molestias quisquam tempora. Quisquam sed quis ducimus.', 1, '2024-06-11 02:58:35', '2024-06-11 02:58:35'),
(288, 26, 'Maryjane Runolfsson', 'Veniam quos quisquam velit autem. Magnam aut delectus sed ex praesentium ducimus sunt molestias. Quam sed et aut earum error rerum placeat. Sint atque deserunt cumque facere dolore quia eligendi.', 5, '2024-06-11 02:58:35', '2024-06-11 02:58:35'),
(289, 2, 'Howell Renner', 'Repellat recusandae et id non maiores ab accusamus fugit. Molestiae sed corporis ad cupiditate. Earum sit et voluptatibus expedita aut voluptatem assumenda inventore.', 3, '2024-06-11 02:58:35', '2024-06-11 02:58:35'),
(290, 28, 'Ettie Parker', 'Et accusantium repellendus voluptatum sed est amet consectetur. Velit quisquam molestias omnis dolorem officiis. Reprehenderit voluptate quam nisi molestiae aut et quod omnis. Et saepe tempore minus dolorem earum.', 3, '2024-06-11 02:58:35', '2024-06-11 02:58:35'),
(291, 8, 'Antone Cartwright Sr.', 'Quis libero ad deserunt aut ut. Qui itaque in autem beatae dicta autem. Voluptatem velit occaecati fugit magni possimus dolor sequi. Autem error nesciunt nam exercitationem.', 4, '2024-06-11 02:58:35', '2024-06-11 02:58:35'),
(292, 3, 'Evert O\'Hara', 'Ullam ea saepe ut eveniet commodi placeat. In quia quod qui non et nobis. Sequi a quia blanditiis maiores dolore.', 1, '2024-06-11 02:58:35', '2024-06-11 02:58:35'),
(293, 16, 'Dr. Heather Murray', 'Nisi suscipit neque porro provident animi voluptatem quis. Dolorem dignissimos porro deleniti sit voluptatum ducimus recusandae incidunt. Nisi deleniti possimus aut assumenda.', 0, '2024-06-11 02:58:35', '2024-06-11 02:58:35'),
(294, 23, 'Tanya Gusikowski', 'Rerum incidunt veritatis assumenda eveniet praesentium. Molestias distinctio ipsam soluta eius asperiores recusandae libero. Quia error voluptatibus earum amet doloremque maxime. Dignissimos quisquam laborum omnis repellendus necessitatibus sapiente aliquam.', 4, '2024-06-11 02:58:35', '2024-06-11 02:58:35'),
(295, 47, 'Maud Maggio', 'Iusto doloremque deserunt enim voluptatem et aut nesciunt. Eaque deserunt sint doloremque magnam voluptas. Qui debitis adipisci libero vel dolorem qui quidem harum. Sint temporibus sit quibusdam enim cupiditate recusandae.', 2, '2024-06-11 02:58:35', '2024-06-11 02:58:35'),
(296, 39, 'Joannie Kohler', 'Dolorum suscipit illum quibusdam. Optio sequi id et quos excepturi eum nobis. Sit fugiat odit itaque non iure.', 3, '2024-06-11 02:58:35', '2024-06-11 02:58:35'),
(297, 32, 'Jamie Robel', 'Quod corrupti debitis aut quia enim minima voluptas numquam. Odit ut sed accusamus sapiente. Qui enim earum a impedit autem ipsam maxime aut. Et animi nisi aut nobis nobis eius inventore saepe.', 4, '2024-06-11 02:58:35', '2024-06-11 02:58:35'),
(298, 18, 'Johnson Breitenberg MD', 'Dolores temporibus reiciendis ad aut. Praesentium illum sapiente ipsa reprehenderit ut deleniti sapiente. Aut aut cumque libero. Commodi omnis rerum qui et totam est officiis autem. Aut doloremque est facere aliquam consequuntur itaque quo cum.', 4, '2024-06-11 02:58:35', '2024-06-11 02:58:35'),
(299, 21, 'Dr. Micheal Miller Jr.', 'Suscipit qui sit sint consectetur magni similique exercitationem. Assumenda sit dolor delectus quia dolores. Saepe quos ut ratione tenetur sunt dolores. Aut eius non dicta eos.', 4, '2024-06-11 02:58:35', '2024-06-11 02:58:35'),
(300, 35, 'Mr. Estevan Dicki', 'Aut et consequatur cupiditate magnam veniam perspiciatis omnis. Reiciendis eum sed provident ullam. Odio explicabo deserunt quas saepe. Exercitationem consequatur corrupti sunt suscipit dolores at.', 0, '2024-06-11 02:58:35', '2024-06-11 02:58:35');

-- --------------------------------------------------------

--
-- Table structure for table `users`
--

CREATE TABLE `users` (
  `id` bigint(20) UNSIGNED NOT NULL,
  `name` varchar(255) NOT NULL,
  `email` varchar(255) NOT NULL,
  `email_verified_at` timestamp NULL DEFAULT NULL,
  `password` varchar(255) NOT NULL,
  `remember_token` varchar(100) DEFAULT NULL,
  `created_at` timestamp NULL DEFAULT NULL,
  `updated_at` timestamp NULL DEFAULT NULL
) ENGINE=InnoDB DEFAULT CHARSET=utf8mb4 COLLATE=utf8mb4_unicode_ci;

--
-- Indexes for dumped tables
--

--
-- Indexes for table `failed_jobs`
--
ALTER TABLE `failed_jobs`
  ADD PRIMARY KEY (`id`),
  ADD UNIQUE KEY `failed_jobs_uuid_unique` (`uuid`);

--
-- Indexes for table `migrations`
--
ALTER TABLE `migrations`
  ADD PRIMARY KEY (`id`);

--
-- Indexes for table `password_reset_tokens`
--
ALTER TABLE `password_reset_tokens`
  ADD PRIMARY KEY (`email`);

--
-- Indexes for table `personal_access_tokens`
--
ALTER TABLE `personal_access_tokens`
  ADD PRIMARY KEY (`id`),
  ADD UNIQUE KEY `personal_access_tokens_token_unique` (`token`),
  ADD KEY `personal_access_tokens_tokenable_type_tokenable_id_index` (`tokenable_type`,`tokenable_id`);

--
-- Indexes for table `products`
--
ALTER TABLE `products`
  ADD PRIMARY KEY (`id`);

--
-- Indexes for table `reviews`
--
ALTER TABLE `reviews`
  ADD PRIMARY KEY (`id`),
  ADD KEY `reviews_product_id_foreign` (`product_id`);

--
-- Indexes for table `users`
--
ALTER TABLE `users`
  ADD PRIMARY KEY (`id`),
  ADD UNIQUE KEY `users_email_unique` (`email`);

--
-- AUTO_INCREMENT for dumped tables
--

--
-- AUTO_INCREMENT for table `failed_jobs`
--
ALTER TABLE `failed_jobs`
  MODIFY `id` bigint(20) UNSIGNED NOT NULL AUTO_INCREMENT;

--
-- AUTO_INCREMENT for table `migrations`
--
ALTER TABLE `migrations`
  MODIFY `id` int(10) UNSIGNED NOT NULL AUTO_INCREMENT, AUTO_INCREMENT=7;

--
-- AUTO_INCREMENT for table `personal_access_tokens`
--
ALTER TABLE `personal_access_tokens`
  MODIFY `id` bigint(20) UNSIGNED NOT NULL AUTO_INCREMENT;

--
-- AUTO_INCREMENT for table `products`
--
ALTER TABLE `products`
  MODIFY `id` bigint(20) UNSIGNED NOT NULL AUTO_INCREMENT, AUTO_INCREMENT=51;

--
-- AUTO_INCREMENT for table `reviews`
--
ALTER TABLE `reviews`
  MODIFY `id` bigint(20) UNSIGNED NOT NULL AUTO_INCREMENT, AUTO_INCREMENT=301;

--
-- AUTO_INCREMENT for table `users`
--
ALTER TABLE `users`
  MODIFY `id` bigint(20) UNSIGNED NOT NULL AUTO_INCREMENT;

--
-- Constraints for dumped tables
--

--
-- Constraints for table `reviews`
--
ALTER TABLE `reviews`
  ADD CONSTRAINT `reviews_product_id_foreign` FOREIGN KEY (`product_id`) REFERENCES `products` (`id`) ON DELETE CASCADE;
COMMIT;

/*!40101 SET CHARACTER_SET_CLIENT=@OLD_CHARACTER_SET_CLIENT */;
/*!40101 SET CHARACTER_SET_RESULTS=@OLD_CHARACTER_SET_RESULTS */;
/*!40101 SET COLLATION_CONNECTION=@OLD_COLLATION_CONNECTION */;
